v_branch[1], 0.0
v_branch[2], 0.0
v_branch[3], 1.0
v_branch[4], 0.0
v_branch[5], 0.0
v_branch[6], 0.0
v_branch[7], 1.0
v_branch[8], 0.0
v_branch[9], 0.0
v_branch[10], 1.0
v_branch[11], 0.0
v_branch[12], 1.0
v_branch[13], 1.0
v_branch[14], 0.0
v_branch[15], 0.0
v_branch[16], 0.0
v_branch[17], 0.0
v_branch[18], 0.0
v_branch[19], 0.0
v_branch[20], 0.0
γ_branch[1,1], 0.0
γ_branch[2,1], 0.0
γ_branch[3,1], 0.0
γ_branch[4,1], 0.0
γ_branch[5,1], 0.0
γ_branch[6,1], 0.0
γ_branch[7,1], 0.0
γ_branch[8,1], 0.0
γ_branch[9,1], 0.0
γ_branch[10,1], 0.0
γ_branch[11,1], 0.0
γ_branch[12,1], 0.0
γ_branch[13,1], 0.0
γ_branch[14,1], 0.0
γ_branch[15,1], 0.0
γ_branch[16,1], 0.0
γ_branch[17,1], 0.0
γ_branch[18,1], 0.0
γ_branch[19,1], 0.0
γ_branch[20,1], 0.0
γ_branch[21,1], 0.0
γ_branch[1,2], 0.0
γ_branch[2,2], 0.0
γ_branch[3,2], 0.0
γ_branch[4,2], 0.0
γ_branch[5,2], 0.0
γ_branch[6,2], 0.0
γ_branch[7,2], 0.0
γ_branch[8,2], 0.0
γ_branch[9,2], 0.0
γ_branch[10,2], 0.0
γ_branch[11,2], 0.0
γ_branch[12,2], 0.0
γ_branch[13,2], 0.0
γ_branch[14,2], 0.0
γ_branch[15,2], 0.0
γ_branch[16,2], 0.0
γ_branch[17,2], 0.0
γ_branch[18,2], 0.0
γ_branch[19,2], 0.0
γ_branch[20,2], 0.0
γ_branch[21,2], 0.0
γ_branch[1,3], 4.75314234677647
γ_branch[2,3], 0.2739065631344035
γ_branch[3,3], -4.726093436865596
γ_branch[4,3], 0.2739065631343986
γ_branch[5,3], 0.2739065631344026
γ_branch[6,3], -4.743650330430902
γ_branch[7,3], 0.27390656313440304
γ_branch[8,3], 0.3154421781256937
γ_branch[9,3], 4.569824310752757
γ_branch[10,3], 0.2739065631344021
γ_branch[11,3], 5.0
γ_branch[12,3], 0.2739065631344024
γ_branch[13,3], 0.27390656313440165
γ_branch[14,3], 0.24589484999999953
γ_branch[15,3], 0.1888250625000008
γ_branch[16,3], -0.18413698637968925
γ_branch[17,3], 4.749321471106891
γ_branch[18,3], -4.488536459999884
γ_branch[19,3], 0.18882506249999945
γ_branch[20,3], 0.27390656313440365
γ_branch[21,3], 0.2739065631344035
γ_branch[1,4], 0.0
γ_branch[2,4], 0.0
γ_branch[3,4], 0.0
γ_branch[4,4], 0.0
γ_branch[5,4], 0.0
γ_branch[6,4], 0.0
γ_branch[7,4], 0.0
γ_branch[8,4], 0.0
γ_branch[9,4], 0.0
γ_branch[10,4], 0.0
γ_branch[11,4], 0.0
γ_branch[12,4], 0.0
γ_branch[13,4], 0.0
γ_branch[14,4], 0.0
γ_branch[15,4], 0.0
γ_branch[16,4], 0.0
γ_branch[17,4], 0.0
γ_branch[18,4], 0.0
γ_branch[19,4], 0.0
γ_branch[20,4], 0.0
γ_branch[21,4], 0.0
γ_branch[1,5], 0.0
γ_branch[2,5], 0.0
γ_branch[3,5], 0.0
γ_branch[4,5], 0.0
γ_branch[5,5], 0.0
γ_branch[6,5], 0.0
γ_branch[7,5], 0.0
γ_branch[8,5], 0.0
γ_branch[9,5], 0.0
γ_branch[10,5], 0.0
γ_branch[11,5], 0.0
γ_branch[12,5], 0.0
γ_branch[13,5], 0.0
γ_branch[14,5], 0.0
γ_branch[15,5], 0.0
γ_branch[16,5], 0.0
γ_branch[17,5], 0.0
γ_branch[18,5], 0.0
γ_branch[19,5], 0.0
γ_branch[20,5], 0.0
γ_branch[21,5], 0.0
γ_branch[1,6], 0.0
γ_branch[2,6], 0.0
γ_branch[3,6], 0.0
γ_branch[4,6], 0.0
γ_branch[5,6], 0.0
γ_branch[6,6], 0.0
γ_branch[7,6], 0.0
γ_branch[8,6], 0.0
γ_branch[9,6], 0.0
γ_branch[10,6], 0.0
γ_branch[11,6], 0.0
γ_branch[12,6], 0.0
γ_branch[13,6], 0.0
γ_branch[14,6], 0.0
γ_branch[15,6], 0.0
γ_branch[16,6], 0.0
γ_branch[17,6], 0.0
γ_branch[18,6], 0.0
γ_branch[19,6], 0.0
γ_branch[20,6], 0.0
γ_branch[21,6], 0.0
γ_branch[1,7], 0.0795897800400672
γ_branch[2,7], -0.16522191499999936
γ_branch[3,7], -0.1652219149999993
γ_branch[4,7], -0.16522191499999603
γ_branch[5,7], -0.16522191499999922
γ_branch[6,7], -0.16389280760779637
γ_branch[7,7], -5.0
γ_branch[8,7], -0.21215761084040693
γ_branch[9,7], -0.20061107748334805
γ_branch[10,7], -0.16522191499999903
γ_branch[11,7], -0.16551727219825496
γ_branch[12,7], -0.1652219149999993
γ_branch[13,7], -0.1652219149999979
γ_branch[14,7], -0.16522191499999928
γ_branch[15,7], -0.16522191499999944
γ_branch[16,7], 0.05010474193304817
γ_branch[17,7], -4.9166888073833155
γ_branch[18,7], 4.757945839999983
γ_branch[19,7], -0.16522191499999933
γ_branch[20,7], -0.1652219149999995
γ_branch[21,7], -0.16522191500000008
γ_branch[1,8], 0.0
γ_branch[2,8], 0.0
γ_branch[3,8], 0.0
γ_branch[4,8], 0.0
γ_branch[5,8], 0.0
γ_branch[6,8], 0.0
γ_branch[7,8], 0.0
γ_branch[8,8], 0.0
γ_branch[9,8], 0.0
γ_branch[10,8], 0.0
γ_branch[11,8], 0.0
γ_branch[12,8], 0.0
γ_branch[13,8], 0.0
γ_branch[14,8], 0.0
γ_branch[15,8], 0.0
γ_branch[16,8], 0.0
γ_branch[17,8], 0.0
γ_branch[18,8], 0.0
γ_branch[19,8], 0.0
γ_branch[20,8], 0.0
γ_branch[21,8], 0.0
γ_branch[1,9], 0.0
γ_branch[2,9], 0.0
γ_branch[3,9], 0.0
γ_branch[4,9], 0.0
γ_branch[5,9], 0.0
γ_branch[6,9], 0.0
γ_branch[7,9], 0.0
γ_branch[8,9], 0.0
γ_branch[9,9], 0.0
γ_branch[10,9], 0.0
γ_branch[11,9], 0.0
γ_branch[12,9], 0.0
γ_branch[13,9], 0.0
γ_branch[14,9], 0.0
γ_branch[15,9], 0.0
γ_branch[16,9], 0.0
γ_branch[17,9], 0.0
γ_branch[18,9], 0.0
γ_branch[19,9], 0.0
γ_branch[20,9], 0.0
γ_branch[21,9], 0.0
γ_branch[1,10], -4.7516133529299225
γ_branch[2,10], -0.7292954081344021
γ_branch[3,10], -0.6997932698816635
γ_branch[4,10], -1.0599163431343952
γ_branch[5,10], -0.7291325706344016
γ_branch[6,10], -0.6890814838163599
γ_branch[7,10], -0.6997932698816628
γ_branch[8,10], -0.7436067146105774
γ_branch[9,10], -5.0
γ_branch[10,10], -5.0
γ_branch[11,10], -0.7021736667850259
γ_branch[12,10], -0.6997932698816622
γ_branch[13,10], -0.6997932698816611
γ_branch[14,10], -0.6717815567472595
γ_branch[15,10], -0.6147117692472606
γ_branch[16,10], -4.821696162532692
γ_branch[17,10], -4.747834432186071
γ_branch[18,10], 4.058360770752664
γ_branch[19,10], -0.6147117692472595
γ_branch[20,10], -0.6997932698816633
γ_branch[21,10], -0.6997932698816641
γ_branch[1,11], 0.0
γ_branch[2,11], 0.0
γ_branch[3,11], 0.0
γ_branch[4,11], 0.0
γ_branch[5,11], 0.0
γ_branch[6,11], 0.0
γ_branch[7,11], 0.0
γ_branch[8,11], 0.0
γ_branch[9,11], 0.0
γ_branch[10,11], 0.0
γ_branch[11,11], 0.0
γ_branch[12,11], 0.0
γ_branch[13,11], 0.0
γ_branch[14,11], 0.0
γ_branch[15,11], 0.0
γ_branch[16,11], 0.0
γ_branch[17,11], 0.0
γ_branch[18,11], 0.0
γ_branch[19,11], 0.0
γ_branch[20,11], 0.0
γ_branch[21,11], 0.0
γ_branch[1,12], 0.056704593620230406
γ_branch[2,12], 0.058464152500000525
γ_branch[3,12], 0.05846415250000057
γ_branch[4,12], 0.05846415249999838
γ_branch[5,12], 0.05846415250000031
γ_branch[6,12], 0.054100232500001386
γ_branch[7,12], 0.058464152500000414
γ_branch[8,12], -5.0
γ_branch[9,12], 4.274462885769379
γ_branch[10,12], 0.05846415250000029
γ_branch[11,12], 0.05943391249999298
γ_branch[12,12], -4.9415358475
γ_branch[13,12], 0.05846415249999961
γ_branch[14,12], 0.058464152500000546
γ_branch[15,12], 0.05846415250000064
γ_branch[16,12], 0.05691651429915364
γ_branch[17,12], 0.05667784635007887
γ_branch[18,12], 0.0
γ_branch[19,12], 0.058464152500000616
γ_branch[20,12], 0.05846415250000071
γ_branch[21,12], 0.05846415249999943
γ_branch[1,13], 0.19754421891983664
γ_branch[2,13], -0.04902703499999998
γ_branch[3,13], -0.049027034999999934
γ_branch[4,13], -0.04902703499999387
γ_branch[5,13], -0.04902703499999958
γ_branch[6,13], -0.0433340076077982
γ_branch[7,13], -0.04902703499999947
γ_branch[8,13], -0.09451055981918942
γ_branch[9,13], -4.3004149307527255
γ_branch[10,13], -0.049027034999999414
γ_branch[11,13], -0.050292152198246905
γ_branch[12,13], -0.049027034999999664
γ_branch[13,13], 4.950972965000003
γ_branch[14,13], -0.049027034999999886
γ_branch[15,13], -0.049027035000000024
γ_branch[16,13], 0.167847260133894
γ_branch[17,13], -4.7987076212333895
γ_branch[18,13], 4.757945839999968
γ_branch[19,13], -0.049027034999999976
γ_branch[20,13], -0.0490270350000004
γ_branch[21,13], -0.04902703500000007
γ_branch[1,14], 0.0
γ_branch[2,14], 0.0
γ_branch[3,14], 0.0
γ_branch[4,14], 0.0
γ_branch[5,14], 0.0
γ_branch[6,14], 0.0
γ_branch[7,14], 0.0
γ_branch[8,14], 0.0
γ_branch[9,14], 0.0
γ_branch[10,14], 0.0
γ_branch[11,14], 0.0
γ_branch[12,14], 0.0
γ_branch[13,14], 0.0
γ_branch[14,14], 0.0
γ_branch[15,14], 0.0
γ_branch[16,14], 0.0
γ_branch[17,14], 0.0
γ_branch[18,14], 0.0
γ_branch[19,14], 0.0
γ_branch[20,14], 0.0
γ_branch[21,14], 0.0
γ_branch[1,15], 0.0
γ_branch[2,15], 0.0
γ_branch[3,15], 0.0
γ_branch[4,15], 0.0
γ_branch[5,15], 0.0
γ_branch[6,15], 0.0
γ_branch[7,15], 0.0
γ_branch[8,15], 0.0
γ_branch[9,15], 0.0
γ_branch[10,15], 0.0
γ_branch[11,15], 0.0
γ_branch[12,15], 0.0
γ_branch[13,15], 0.0
γ_branch[14,15], 0.0
γ_branch[15,15], 0.0
γ_branch[16,15], 0.0
γ_branch[17,15], 0.0
γ_branch[18,15], 0.0
γ_branch[19,15], 0.0
γ_branch[20,15], 0.0
γ_branch[21,15], 0.0
γ_branch[1,16], 0.0
γ_branch[2,16], 0.0
γ_branch[3,16], 0.0
γ_branch[4,16], 0.0
γ_branch[5,16], 0.0
γ_branch[6,16], 0.0
γ_branch[7,16], 0.0
γ_branch[8,16], 0.0
γ_branch[9,16], 0.0
γ_branch[10,16], 0.0
γ_branch[11,16], 0.0
γ_branch[12,16], 0.0
γ_branch[13,16], 0.0
γ_branch[14,16], 0.0
γ_branch[15,16], 0.0
γ_branch[16,16], 0.0
γ_branch[17,16], 0.0
γ_branch[18,16], 0.0
γ_branch[19,16], 0.0
γ_branch[20,16], 0.0
γ_branch[21,16], 0.0
γ_branch[1,17], 0.0
γ_branch[2,17], 0.0
γ_branch[3,17], 0.0
γ_branch[4,17], 0.0
γ_branch[5,17], 0.0
γ_branch[6,17], 0.0
γ_branch[7,17], 0.0
γ_branch[8,17], 0.0
γ_branch[9,17], 0.0
γ_branch[10,17], 0.0
γ_branch[11,17], 0.0
γ_branch[12,17], 0.0
γ_branch[13,17], 0.0
γ_branch[14,17], 0.0
γ_branch[15,17], 0.0
γ_branch[16,17], 0.0
γ_branch[17,17], 0.0
γ_branch[18,17], 0.0
γ_branch[19,17], 0.0
γ_branch[20,17], 0.0
γ_branch[21,17], 0.0
γ_branch[1,18], 0.0
γ_branch[2,18], 0.0
γ_branch[3,18], 0.0
γ_branch[4,18], 0.0
γ_branch[5,18], 0.0
γ_branch[6,18], 0.0
γ_branch[7,18], 0.0
γ_branch[8,18], 0.0
γ_branch[9,18], 0.0
γ_branch[10,18], 0.0
γ_branch[11,18], 0.0
γ_branch[12,18], 0.0
γ_branch[13,18], 0.0
γ_branch[14,18], 0.0
γ_branch[15,18], 0.0
γ_branch[16,18], 0.0
γ_branch[17,18], 0.0
γ_branch[18,18], 0.0
γ_branch[19,18], 0.0
γ_branch[20,18], 0.0
γ_branch[21,18], 0.0
γ_branch[1,19], 0.0
γ_branch[2,19], 0.0
γ_branch[3,19], 0.0
γ_branch[4,19], 0.0
γ_branch[5,19], 0.0
γ_branch[6,19], 0.0
γ_branch[7,19], 0.0
γ_branch[8,19], 0.0
γ_branch[9,19], 0.0
γ_branch[10,19], 0.0
γ_branch[11,19], 0.0
γ_branch[12,19], 0.0
γ_branch[13,19], 0.0
γ_branch[14,19], 0.0
γ_branch[15,19], 0.0
γ_branch[16,19], 0.0
γ_branch[17,19], 0.0
γ_branch[18,19], 0.0
γ_branch[19,19], 0.0
γ_branch[20,19], 0.0
γ_branch[21,19], 0.0
γ_branch[1,20], 0.0
γ_branch[2,20], 0.0
γ_branch[3,20], 0.0
γ_branch[4,20], 0.0
γ_branch[5,20], 0.0
γ_branch[6,20], 0.0
γ_branch[7,20], 0.0
γ_branch[8,20], 0.0
γ_branch[9,20], 0.0
γ_branch[10,20], 0.0
γ_branch[11,20], 0.0
γ_branch[12,20], 0.0
γ_branch[13,20], 0.0
γ_branch[14,20], 0.0
γ_branch[15,20], 0.0
γ_branch[16,20], 0.0
γ_branch[17,20], 0.0
γ_branch[18,20], 0.0
γ_branch[19,20], 0.0
γ_branch[20,20], 0.0
γ_branch[21,20], 0.0
β[1], -5.0
β[2], -0.1327018724999993
β[3], 5.0
β[4], -0.46307295749999783
β[5], -0.1319694225
β[6], -5.0
β[7], 4.834778085000002
β[8], 4.882352948978782
β[9], 4.0998038532693775
β[10], 4.300206730118337
β[11], 4.728002022462241
β[12], 5.0
β[13], -5.0
β[14], -0.07683054749999943
β[15], -0.13390033499999807
β[16], -5.0
β[17], -5.0
β[18], -5.0
β[19], -0.13390033499999993
β[20], -5.0
gen[1,1], 0.0
gen[2,1], 0.0
gen[3,1], 0.0
gen[4,1], 0.0
gen[5,1], 0.0
gen[6,1], 0.0
gen[7,1], 0.0
gen[8,1], 0.0
gen[9,1], 0.0
gen[10,1], 0.0
gen[11,1], 0.0
gen[12,1], 0.0
gen[13,1], 0.0
gen[14,1], 0.0
gen[15,1], 0.0
gen[16,1], 0.0
gen[17,1], 0.0
gen[18,1], 0.0
gen[19,1], 0.0
gen[20,1], 0.0
gen[21,1], 0.0
gen[1,2], 0.0
gen[2,2], 0.0
gen[3,2], 0.0
gen[4,2], 0.0
gen[5,2], 0.0
gen[6,2], 0.0
gen[7,2], 0.0
gen[8,2], 0.0
gen[9,2], 0.0
gen[10,2], 0.0
gen[11,2], 0.0
gen[12,2], 0.0
gen[13,2], 0.0
gen[14,2], 0.0
gen[15,2], 0.0
gen[16,2], 0.0
gen[17,2], 0.0
gen[18,2], 0.0
gen[19,2], 0.0
gen[20,2], 0.0
gen[21,2], 0.0
gen[1,3], 0.0
gen[2,3], 0.0
gen[3,3], 0.0
gen[4,3], 0.0
gen[5,3], 0.0
gen[6,3], 0.0
gen[7,3], 0.0
gen[8,3], 0.0
gen[9,3], 0.0
gen[10,3], 0.0
gen[11,3], 0.0
gen[12,3], 0.0
gen[13,3], 0.0
gen[14,3], 0.0
gen[15,3], 0.0
gen[16,3], 0.0
gen[17,3], 0.0
gen[18,3], 0.0
gen[19,3], 0.0
gen[20,3], 0.0
gen[21,3], 0.0
gen[1,4], 0.0
gen[2,4], 0.0
gen[3,4], 0.0
gen[4,4], 0.0
gen[5,4], 0.0
gen[6,4], 0.0
gen[7,4], 0.0
gen[8,4], 0.0
gen[9,4], 0.0
gen[10,4], 0.0
gen[11,4], 0.0
gen[12,4], 0.0
gen[13,4], 0.0
gen[14,4], 0.0
gen[15,4], 0.0
gen[16,4], 0.0
gen[17,4], 0.0
gen[18,4], 0.0
gen[19,4], 0.0
gen[20,4], 0.0
gen[21,4], 0.0
gen[1,5], 0.0
gen[2,5], 0.0
gen[3,5], 0.0
gen[4,5], 0.0
gen[5,5], 0.0
gen[6,5], 0.0
gen[7,5], 0.0
gen[8,5], 0.0
gen[9,5], 0.0
gen[10,5], 0.0
gen[11,5], 0.0
gen[12,5], 0.0
gen[13,5], 0.0
gen[14,5], 0.0
gen[15,5], 0.0
gen[16,5], 0.0
gen[17,5], 0.0
gen[18,5], 0.0
gen[19,5], 0.0
gen[20,5], 0.0
gen[21,5], 0.0
gen[1,6], 0.14487173503064554
gen[2,6], 0.24274999999999924
gen[3,6], 0.2427499999999993
gen[4,6], 0.2427499999999993
gen[5,6], 0.24274999999999933
gen[6,6], 0.24503747858366573
gen[7,6], 0.2427499999999993
gen[8,6], 0.1619706742102775
gen[9,6], 0.18184299447934468
gen[10,6], 0.2427499999999993
gen[11,6], 0.2422416714258513
gen[12,6], 0.2427499999999993
gen[13,6], 0.24274999999999933
gen[14,6], 0.24274999999999933
gen[15,6], 0.24274999999999933
gen[16,6], 0.15666016030174382
gen[17,6], 0.14338387553040985
gen[18,6], 0.0
gen[19,6], 0.2427499999999993
gen[20,6], 0.2427499999999993
gen[21,6], 0.24275
gen[1,7], 0.01477065063649216
gen[2,7], 0.02475000000000014
gen[3,7], 0.02474999999999989
gen[4,7], 0.024749999999999897
gen[5,7], 0.024749999999999897
gen[6,7], 0.0
gen[7,7], 0.024750000000000095
gen[8,7], 0.016514002828854134
gen[9,7], 0.0
gen[10,7], 0.02474999999999965
gen[11,7], 0.0
gen[12,7], 0.02474999999999965
gen[13,7], 0.024749999999999606
gen[14,7], 0.024749999999999606
gen[15,7], 0.024749999999999606
gen[16,7], 0.01597256011315394
gen[17,7], 0.014618953323903764
gen[18,7], 0.0
gen[19,7], 0.024749999999999897
gen[20,7], 0.024750000000000095
gen[21,7], 0.024749999999999966
gen[1,8], 0.0
gen[2,8], 0.0
gen[3,8], 0.0
gen[4,8], 0.0
gen[5,8], 0.0
gen[6,8], 0.0
gen[7,8], 0.0
gen[8,8], 0.0
gen[9,8], 0.0
gen[10,8], 0.0
gen[11,8], 0.0
gen[12,8], 0.0
gen[13,8], 0.0
gen[14,8], 0.0
gen[15,8], 0.0
gen[16,8], 0.0
gen[17,8], 0.0
gen[18,8], 0.0
gen[19,8], 0.0
gen[20,8], 0.0
gen[21,8], 0.0
gen[1,9], 0.0
gen[2,9], 0.0
gen[3,9], 0.0
gen[4,9], 0.0
gen[5,9], 0.0
gen[6,9], 0.0
gen[7,9], 0.0
gen[8,9], 0.0
gen[9,9], 0.0
gen[10,9], 0.0
gen[11,9], 0.0
gen[12,9], 0.0
gen[13,9], 0.0
gen[14,9], 0.0
gen[15,9], 0.0
gen[16,9], 0.0
gen[17,9], 0.0
gen[18,9], 0.0
gen[19,9], 0.0
gen[20,9], 0.0
gen[21,9], 0.0
gen[1,10], 0.0
gen[2,10], 0.0
gen[3,10], 0.0
gen[4,10], 0.0
gen[5,10], 0.0
gen[6,10], 0.0
gen[7,10], 0.0
gen[8,10], 0.0
gen[9,10], 0.0
gen[10,10], 0.0
gen[11,10], 0.0
gen[12,10], 0.0
gen[13,10], 0.0
gen[14,10], 0.0
gen[15,10], 0.0
gen[16,10], 0.0
gen[17,10], 0.0
gen[18,10], 0.0
gen[19,10], 0.0
gen[20,10], 0.0
gen[21,10], 0.0
gen[1,11], 0.0
gen[2,11], 0.0
gen[3,11], 0.0
gen[4,11], 0.0
gen[5,11], 0.0
gen[6,11], 0.0
gen[7,11], 0.0
gen[8,11], 0.0
gen[9,11], 0.0
gen[10,11], 0.0
gen[11,11], 0.0
gen[12,11], 0.0
gen[13,11], 0.0
gen[14,11], 0.0
gen[15,11], 0.0
gen[16,11], 0.0
gen[17,11], 0.0
gen[18,11], 0.0
gen[19,11], 0.0
gen[20,11], 0.0
gen[21,11], 0.0
gen[1,12], 1.4226076143328583
gen[2,12], 2.383749999999993
gen[3,12], 2.3837499999999934
gen[4,12], 2.3837499999999934
gen[5,12], 2.383749999999994
gen[6,12], 2.4062125214163266
gen[7,12], 2.3837499999999934
gen[8,12], 1.5905153229608613
gen[9,12], 1.7856570055206507
gen[10,12], 2.3837499999999934
gen[11,12], 2.3787583285741425
gen[12,12], 2.3837499999999934
gen[13,12], 2.383749999999994
gen[14,12], 2.383749999999994
gen[15,12], 2.383749999999994
gen[16,12], 1.5383672795850953
gen[17,12], 1.407997171145683
gen[18,12], 1.0852499999999958
gen[19,12], 2.3837499999999934
gen[20,12], 2.3837499999999934
gen[21,12], 2.38375
gen[1,13], 0.0
gen[2,13], 0.0
gen[3,13], 0.0
gen[4,13], 0.0
gen[5,13], 0.0
gen[6,13], 0.0
gen[7,13], 0.0
gen[8,13], 0.0
gen[9,13], 0.0
gen[10,13], 0.0
gen[11,13], 0.0
gen[12,13], 0.0
gen[13,13], 0.0
gen[14,13], 0.0
gen[15,13], 0.0
gen[16,13], 0.0
gen[17,13], 0.0
gen[18,13], 0.0
gen[19,13], 0.0
gen[20,13], 0.0
gen[21,13], 0.0
gen[1,14], 0.0
gen[2,14], 0.0
gen[3,14], 0.0
gen[4,14], 0.0
gen[5,14], 0.0
gen[6,14], 0.0
gen[7,14], 0.0
gen[8,14], 0.0
gen[9,14], 0.0
gen[10,14], 0.0
gen[11,14], 0.0
gen[12,14], 0.0
gen[13,14], 0.0
gen[14,14], 0.0
gen[15,14], 0.0
gen[16,14], 0.0
gen[17,14], 0.0
gen[18,14], 0.0
gen[19,14], 0.0
gen[20,14], 0.0
gen[21,14], 0.0
load[1,1], 0.0
load[2,1], 0.9402499999999991
load[3,1], 0.9402499999999991
load[4,1], 0.9402499999999991
load[5,1], 0.9402499999999991
load[6,1], 0.9402499999999991
load[7,1], 0.9402499999999991
load[8,1], 0.9402499999999991
load[9,1], 0.9402499999999991
load[10,1], 0.9402499999999991
load[11,1], 0.9402499999999991
load[12,1], 0.9402499999999991
load[13,1], 0.9402499999999991
load[14,1], 0.9402499999999991
load[15,1], 0.9402499999999991
load[16,1], 0.0
load[17,1], 0.0
load[18,1], 0.9402499999999991
load[19,1], 0.9402499999999991
load[20,1], 0.9402499999999991
load[21,1], 0.94025
load[1,2], 0.01624999999999943
load[2,2], 0.01624999999999943
load[3,2], 0.01624999999999943
load[4,2], 0.01624999999999943
load[5,2], 0.01624999999999943
load[6,2], 0.01624999999999943
load[7,2], 0.01624999999999943
load[8,2], 0.01624999999999943
load[9,2], 0.01624999999999943
load[10,2], 0.01624999999999943
load[11,2], 0.01624999999999943
load[12,2], 0.01624999999999943
load[13,2], 0.01624999999999943
load[14,2], 0.01624999999999943
load[15,2], 0.01624999999999943
load[16,2], 0.01624999999999943
load[17,2], 0.0
load[18,2], 0.01624999999999943
load[19,2], 0.01624999999999943
load[20,2], 0.01624999999999943
load[21,2], 0.01625000000000003
load[1,3], 0.0
load[2,3], 0.052249999999999255
load[3,3], 0.052249999999999255
load[4,3], 0.052249999999999255
load[5,3], 0.052249999999999255
load[6,3], 0.052249999999999255
load[7,3], 0.052249999999999255
load[8,3], 0.052249999999999255
load[9,3], 0.052249999999999255
load[10,3], 0.052249999999999255
load[11,3], 0.052249999999999255
load[12,3], 0.052249999999999255
load[13,3], 0.052249999999999255
load[14,3], 0.052249999999999255
load[15,3], 0.052249999999999255
load[16,3], 0.052249999999999255
load[17,3], 0.0
load[18,3], 0.052249999999999255
load[19,3], 0.052249999999999255
load[20,3], 0.052249999999999255
load[21,3], 0.05225000000000002
load[1,4], 0.0
load[2,4], 0.0012499999999990962
load[3,4], 0.0012499999999990962
load[4,4], 0.0012499999999990962
load[5,4], 0.0012499999999990962
load[6,4], 0.0012499999999990962
load[7,4], 0.0012499999999990962
load[8,4], 0.0012499999999990962
load[9,4], 0.0012499999999990962
load[10,4], 0.0012499999999990962
load[11,4], 0.0012499999999990962
load[12,4], 0.0012499999999990962
load[13,4], 0.0012499999999990962
load[14,4], 0.0012499999999990962
load[15,4], 0.0012499999999990962
load[16,4], 0.0012499999999990962
load[17,4], 0.0
load[18,4], 0.0012499999999990962
load[19,4], 0.0012499999999990962
load[20,4], 0.0012499999999990962
load[21,4], 0.0012500000000000289
load[1,5], 0.03024999999999901
load[2,5], 0.03024999999999901
load[3,5], 0.03024999999999901
load[4,5], 0.03024999999999901
load[5,5], 0.03024999999999901
load[6,5], 0.03024999999999901
load[7,5], 0.03024999999999901
load[8,5], 0.03024999999999901
load[9,5], 0.0
load[10,5], 0.03024999999999901
load[11,5], 0.0
load[12,5], 0.03024999999999901
load[13,5], 0.03024999999999901
load[14,5], 0.03024999999999901
load[15,5], 0.03024999999999901
load[16,5], 0.03024999999999901
load[17,5], 0.03024999999999901
load[18,5], 0.0
load[19,5], 0.03024999999999901
load[20,5], 0.03024999999999901
load[21,5], 0.030250000000000027
load[1,6], 0.0
load[2,6], 0.0
load[3,6], 0.0
load[4,6], 0.0
load[5,6], 0.0
load[6,6], 0.0
load[7,6], 0.0
load[8,6], 0.0
load[9,6], 0.0
load[10,6], 0.0
load[11,6], 0.0
load[12,6], 0.0
load[13,6], 0.0
load[14,6], 0.0
load[15,6], 0.0
load[16,6], 0.0
load[17,6], 0.0
load[18,6], 0.0
load[19,6], 0.0
load[20,6], 0.0
load[21,6], 0.0
load[1,7], 0.0
load[2,7], 0.0
load[3,7], 0.0
load[4,7], 0.0
load[5,7], 0.0
load[6,7], 0.0
load[7,7], 0.0
load[8,7], 0.0
load[9,7], 0.0
load[10,7], 0.0
load[11,7], 0.0
load[12,7], 0.0
load[13,7], 0.0
load[14,7], 0.0
load[15,7], 0.0
load[16,7], 0.0
load[17,7], 0.0
load[18,7], 0.0
load[19,7], 0.0
load[20,7], 0.0
load[21,7], 0.0
load[1,8], 0.23524999999999907
load[2,8], 0.23524999999999907
load[3,8], 0.23524999999999907
load[4,8], 0.23524999999999907
load[5,8], 0.23524999999999907
load[6,8], 0.23524999999999907
load[7,8], 0.23524999999999907
load[8,8], 0.23524999999999907
load[9,8], 0.0
load[10,8], 0.23524999999999907
load[11,8], 0.23524999999999907
load[12,8], 0.23524999999999907
load[13,8], 0.23524999999999907
load[14,8], 0.23524999999999907
load[15,8], 0.23524999999999907
load[16,8], 0.23524999999999907
load[17,8], 0.23524999999999907
load[18,8], 0.0
load[19,8], 0.23524999999999907
load[20,8], 0.23524999999999907
load[21,8], 0.23525000000000001
load[1,9], 0.8822499999999993
load[2,9], 0.8822499999999993
load[3,9], 0.8822499999999993
load[4,9], 0.8822499999999993
load[5,9], 0.8822499999999993
load[6,9], 0.8822499999999993
load[7,9], 0.8822499999999993
load[8,9], 0.0
load[9,9], 0.8822499999999993
load[10,9], 0.8822499999999993
load[11,9], 0.8822499999999993
load[12,9], 0.8822499999999993
load[13,9], 0.8822499999999993
load[14,9], 0.8822499999999993
load[15,9], 0.8822499999999993
load[16,9], 0.8822499999999993
load[17,9], 0.8822499999999993
load[18,9], 0.0
load[19,9], 0.8822499999999993
load[20,9], 0.8822499999999993
load[21,9], 0.8822500000000001
load[1,10], 0.4182499999999989
load[2,10], 0.4182499999999989
load[3,10], 0.4182499999999989
load[4,10], 0.4182499999999989
load[5,10], 0.4182499999999989
load[6,10], 0.4182499999999989
load[7,10], 0.4182499999999989
load[8,10], 0.4182499999999989
load[9,10], 0.0
load[10,10], 0.4182499999999989
load[11,10], 0.4182499999999989
load[12,10], 0.4182499999999989
load[13,10], 0.4182499999999989
load[14,10], 0.4182499999999989
load[15,10], 0.4182499999999989
load[16,10], 0.4182499999999989
load[17,10], 0.4182499999999989
load[18,10], 0.0
load[19,10], 0.4182499999999989
load[20,10], 0.4182499999999989
load[21,10], 0.41825
load[1,11], 0.0
load[2,11], 0.07524999999999894
load[3,11], 0.07524999999999894
load[4,11], 0.07524999999999894
load[5,11], 0.07524999999999894
load[6,11], 0.07524999999999894
load[7,11], 0.07524999999999894
load[8,11], 0.07524999999999894
load[9,11], 0.07524999999999894
load[10,11], 0.07524999999999894
load[11,11], 0.07524999999999894
load[12,11], 0.07524999999999894
load[13,11], 0.07524999999999894
load[14,11], 0.07524999999999894
load[15,11], 0.07524999999999894
load[16,11], 0.07524999999999894
load[17,11], 0.0
load[18,11], 0.07524999999999894
load[19,11], 0.07524999999999894
load[20,11], 0.07524999999999894
load[21,11], 0.07525000000000004
load[1,12], 0.0
load[2,12], 0.0
load[3,12], 0.0
load[4,12], 0.0
load[5,12], 0.0
load[6,12], 0.0
load[7,12], 0.0
load[8,12], 0.0
load[9,12], 0.0
load[10,12], 0.0
load[11,12], 0.0
load[12,12], 0.0
load[13,12], 0.0
load[14,12], 0.0
load[15,12], 0.0
load[16,12], 0.0
load[17,12], 0.0
load[18,12], 0.0
load[19,12], 0.0
load[20,12], 0.0
load[21,12], 0.0
load[1,13], 0.0
load[2,13], 0.0
load[3,13], 0.0
load[4,13], 0.0
load[5,13], 0.0
load[6,13], 0.0
load[7,13], 0.0
load[8,13], 0.0
load[9,13], 0.0
load[10,13], 0.0
load[11,13], 0.0
load[12,13], 0.0
load[13,13], 0.0
load[14,13], 0.0
load[15,13], 0.0
load[16,13], 0.0
load[17,13], 0.0
load[18,13], 0.0
load[19,13], 0.0
load[20,13], 0.0
load[21,13], 0.0
load[1,14], 0.0
load[2,14], 0.0
load[3,14], 0.0
load[4,14], 0.0
load[5,14], 0.0
load[6,14], 0.0
load[7,14], 0.0
load[8,14], 0.0
load[9,14], 0.0
load[10,14], 0.0
load[11,14], 0.0
load[12,14], 0.0
load[13,14], 0.0
load[14,14], 0.0
load[15,14], 0.0
load[16,14], 0.0
load[17,14], 0.0
load[18,14], 0.0
load[19,14], 0.0
load[20,14], 0.0
load[21,14], 0.0
flows[1,1], 0.0
flows[2,1], 1.0689999999999957
flows[3,1], 1.0689999999999962
flows[4,1], 1.0689999999999968
flows[5,1], 1.0689999999999955
flows[6,1], 1.0689999999999942
flows[7,1], 1.0689999999999962
flows[8,1], 1.0689999999999953
flows[9,1], 1.069000000000043
flows[10,1], 1.0689999999999948
flows[11,1], 1.0689999999999689
flows[12,1], 1.068999999999995
flows[13,1], 1.0689999999999968
flows[14,1], 1.068999999999996
flows[15,1], 1.0689999999999955
flows[16,1], 0.12874999999999828
flows[17,1], 0.0
flows[18,1], 1.0690000000000814
flows[19,1], 1.0689999999999955
flows[20,1], 1.0689999999999955
flows[21,1], 1.0689999999999988
flows[1,2], 0.0
flows[2,2], 0.0
flows[3,2], 0.22646916598402506
flows[4,2], 1.0167499999999943
flows[5,2], 0.0012499999999987205
flows[6,2], 0.2264691659840244
flows[7,2], 0.22646916598402503
flows[8,2], 0.22646916598402506
flows[9,2], 0.22646916598403366
flows[10,2], 0.22646916598402528
flows[11,2], 0.22646916598402503
flows[12,2], 0.22646916598402497
flows[13,2], 0.22646916598402497
flows[14,2], 0.226469165984025
flows[15,2], 0.22646916598402497
flows[16,2], 0.017433792409036593
flows[17,2], 0.0
flows[18,2], 0.22646916598401276
flows[19,2], 0.22646916598402503
flows[20,2], 0.22646916598402503
flows[21,2], 0.226469165984026
flows[1,3], 0.0
flows[2,3], 0.0
flows[3,3], 0.0
flows[4,3], 0.0
flows[5,3], 0.0
flows[6,3], 0.0
flows[7,3], 0.0
flows[8,3], 0.0
flows[9,3], 0.0
flows[10,3], 0.0
flows[11,3], 0.0
flows[12,3], 0.0
flows[13,3], 0.0
flows[14,3], 0.0
flows[15,3], 0.0
flows[16,3], 0.0
flows[17,3], 0.0
flows[18,3], 0.0
flows[19,3], 0.0
flows[20,3], 0.0
flows[21,3], 0.0
flows[1,4], 0.0
flows[2,4], 1.016749999999996
flows[3,4], 0.7902808340159712
flows[4,4], 0.0
flows[5,4], 1.0154999999999974
flows[6,4], 0.7902808340159609
flows[7,4], 0.7902808340159713
flows[8,4], 0.7902808340159709
flows[9,4], 0.7902808340159634
flows[10,4], 0.7902808340159723
flows[11,4], 0.790280834015969
flows[12,4], 0.7902808340159708
flows[13,4], 0.7902808340159712
flows[14,4], 0.7902808340159712
flows[15,4], 0.7902808340159709
flows[16,4], 0.059066207590960984
flows[17,4], 0.0
flows[18,4], 0.7902808340159856
flows[19,4], 0.7902808340159713
flows[20,4], 0.7902808340159709
flows[21,4], 0.790280834015973
flows[1,5], 0.0
flows[2,5], -0.0012499999999989518
flows[3,5], 0.22521916598402608
flows[4,5], 1.0154999999999967
flows[5,5], 0.0
flows[6,5], 0.22521916598402342
flows[7,5], 0.22521916598402608
flows[8,5], 0.22521916598402592
flows[9,5], 0.22521916598401154
flows[10,5], 0.22521916598402653
flows[11,5], 0.2252191659840231
flows[12,5], 0.22521916598402603
flows[13,5], 0.22521916598402622
flows[14,5], 0.22521916598402608
flows[15,5], 0.22521916598402608
flows[16,5], 0.016183792409040484
flows[17,5], 0.0
flows[18,5], 0.22521916598404368
flows[19,5], 0.22521916598402608
flows[20,5], 0.22521916598402605
flows[21,5], 0.22521916598402608
flows[1,6], -0.014770650636502649
flows[2,6], -0.024750000000000032
flows[3,6], -0.024749999999999876
flows[4,6], -0.02475000000000067
flows[5,6], -0.02474999999999925
flows[6,6], 0.0
flows[7,6], -0.024749999999999907
flows[8,6], -0.016514002828853385
flows[9,6], 0.0
flows[10,6], -0.02474999999999847
flows[11,6], 0.0
flows[12,6], -0.02474999999999908
flows[13,6], -0.024750000000000032
flows[14,6], -0.024749999999999335
flows[15,6], -0.024749999999999675
flows[16,6], -0.015972560113153234
flows[17,6], -0.014618953323956426
flows[18,6], 0.0
flows[19,6], -0.02474999999999957
flows[20,6], -0.02474999999999975
flows[21,6], -0.024750000000000116
flows[1,7], 0.0
flows[2,7], 0.0
flows[3,7], 0.0
flows[4,7], 0.0
flows[5,7], 0.0
flows[6,7], 0.0
flows[7,7], 0.0
flows[8,7], 0.0
flows[9,7], 0.0
flows[10,7], 0.0
flows[11,7], 0.0
flows[12,7], 0.0
flows[13,7], 0.0
flows[14,7], 0.0
flows[15,7], 0.0
flows[16,7], 0.0
flows[17,7], 0.0
flows[18,7], 0.0
flows[19,7], 0.0
flows[20,7], 0.0
flows[21,7], 0.0
flows[1,8], 0.8822499999999981
flows[2,8], 0.8822499999999998
flows[3,8], 0.88225
flows[4,8], 0.8822500000000001
flows[5,8], 0.8822499999999996
flows[6,8], 0.8822499999999965
flows[7,8], 0.8822499999999992
flows[8,8], 0.0
flows[9,8], 0.8822500000000129
flows[10,8], 0.8822499999999996
flows[11,8], 0.8822500000000023
flows[12,8], 0.8822499999999992
flows[13,8], 0.8822500000000014
flows[14,8], 0.8822499999999999
flows[15,8], 0.8822500000000001
flows[16,8], 0.8822499999999999
flows[17,8], 0.8822500000000312
flows[18,8], 0.0
flows[19,8], 0.8822499999999999
flows[20,8], 0.8822499999999999
flows[21,8], 0.882249999999999
flows[1,9], 0.6689793493634826
flows[2,9], 0.6589999999999965
flows[3,9], 0.6589999999999965
flows[4,9], 0.6590000000000092
flows[5,9], 0.6589999999999978
flows[6,9], 0.6837499999999913
flows[7,9], 0.6589999999999975
flows[8,9], 0.6672359971711489
flows[9,9], 0.0
flows[10,9], 0.6589999999999977
flows[11,9], 0.6535000000000396
flows[12,9], 0.6589999999999974
flows[13,9], 0.6590000000000019
flows[14,9], 0.6589999999999968
flows[15,9], 0.6589999999999967
flows[16,9], 0.6677774398868316
flows[17,9], 0.6691310466760775
flows[18,9], 0.0
flows[19,9], 0.6589999999999963
flows[20,9], 0.6589999999999957
flows[21,9], 0.6590000000000006
flows[1,10], 0.0
flows[2,10], 0.0
flows[3,10], 0.0
flows[4,10], 0.0
flows[5,10], 0.0
flows[6,10], 0.0
flows[7,10], 0.0
flows[8,10], 0.0
flows[9,10], 0.0
flows[10,10], 0.0
flows[11,10], 0.0
flows[12,10], 0.0
flows[13,10], 0.0
flows[14,10], 0.0
flows[15,10], 0.0
flows[16,10], 0.0
flows[17,10], 0.0
flows[18,10], 0.0
flows[19,10], 0.0
flows[20,10], 0.0
flows[21,10], 0.0
flows[1,11], 0.015479349363469721
flows[2,11], 0.005499999999996169
flows[3,11], 0.005499999999995652
flows[4,11], 0.005499999999995107
flows[5,11], 0.0054999999999968885
flows[6,11], 0.03025000000001029
flows[7,11], 0.0054999999999961096
flows[8,11], 0.013735997171142277
flows[9,11], 0.0
flows[10,11], 0.0054999999999974
flows[11,11], 0.0
flows[12,11], 0.005499999999997013
flows[13,11], 0.005499999999995542
flows[14,11], 0.005499999999996853
flows[15,11], 0.005499999999996885
flows[16,11], 0.014277439886837018
flows[17,11], 0.015631046676001254
flows[18,11], 0.0
flows[19,11], 0.0054999999999971435
flows[20,11], 0.005499999999996439
flows[21,11], 0.005499999999999089
flows[1,12], 0.0
flows[2,12], 0.0
flows[3,12], 0.0
flows[4,12], 0.0
flows[5,12], 0.0
flows[6,12], 0.0
flows[7,12], 0.0
flows[8,12], 0.0
flows[9,12], 0.0
flows[10,12], 0.0
flows[11,12], 0.0
flows[12,12], 0.0
flows[13,12], 0.0
flows[14,12], 0.0
flows[15,12], 0.0
flows[16,12], 0.0
flows[17,12], 0.0
flows[18,12], 0.0
flows[19,12], 0.0
flows[20,12], 0.0
flows[21,12], 0.0
flows[1,13], 0.0
flows[2,13], 0.0
flows[3,13], 0.0
flows[4,13], 0.0
flows[5,13], 0.0
flows[6,13], 0.0
flows[7,13], 0.0
flows[8,13], 0.0
flows[9,13], 0.0
flows[10,13], 0.0
flows[11,13], 0.0
flows[12,13], 0.0
flows[13,13], 0.0
flows[14,13], 0.0
flows[15,13], 0.0
flows[16,13], 0.0
flows[17,13], 0.0
flows[18,13], 0.0
flows[19,13], 0.0
flows[20,13], 0.0
flows[21,13], 0.0
flows[1,14], 0.09141362175957152
flows[2,14], 0.08777524248551866
flows[3,14], 0.08777524248551886
flows[4,14], 0.08777524248551843
flows[5,14], 0.08777524248551902
flows[6,14], 0.096798865544778
flows[7,14], 0.08777524248551868
flows[8,14], 0.09077801153560158
flows[9,14], 0.0
flows[10,14], 0.08777524248551904
flows[11,14], 0.08576999291680995
flows[12,14], 0.08777524248551913
flows[13,14], 0.08777524248551842
flows[14,14], 0.0
flows[15,14], 0.24074999999999697
flows[16,14], 0.09097541658508101
flows[17,14], 0.09146892920877418
flows[18,14], 0.0
flows[19,14], 0.24074999999999924
flows[20,14], 0.08777524248551877
flows[21,14], 0.08777524248551954
flows[1,15], 0.15931572760391235
flows[2,15], 0.15297475751447837
flows[3,15], 0.15297475751447806
flows[4,15], 0.1529747575144779
flows[5,15], 0.15297475751447898
flows[6,15], 0.16870113445522092
flows[7,15], 0.1529747575144784
flows[8,15], 0.15820798563554217
flows[9,15], 0.0
flows[10,15], 0.15297475751447856
flows[11,15], 0.14948000708322517
flows[12,15], 0.1529747575144792
flows[13,15], 0.1529747575144779
flows[14,15], 0.2407499999999974
flows[15,15], 0.0
flows[16,15], 0.15855202330175652
flows[17,15], 0.15941211746727
flows[18,15], 0.0
flows[19,15], 0.0
flows[20,15], 0.1529747575144787
flows[21,15], 0.15297475751447992
flows[1,16], 0.0
flows[2,16], 0.9402499999999987
flows[3,16], 0.940249999999998
flows[4,16], 0.940249999999998
flows[5,16], 0.9402499999999986
flows[6,16], 0.9402499999999979
flows[7,16], 0.9402499999999986
flows[8,16], 0.9402499999999975
flows[9,16], 0.9402500000000049
flows[10,16], 0.9402500000000006
flows[11,16], 0.9402499999999918
flows[12,16], 0.9402499999999983
flows[13,16], 0.9402499999999986
flows[14,16], 0.9402499999999987
flows[15,16], 0.9402499999999985
flows[16,16], 0.0
flows[17,16], 0.0
flows[18,16], 0.940249999999993
flows[19,16], 0.9402499999999986
flows[20,16], 0.9402499999999985
flows[21,16], 0.9402500000000005
flows[1,17], 0.016250000000025557
flows[2,17], 1.0852499999999954
flows[3,17], 1.0852499999999954
flows[4,17], 1.0852499999999838
flows[5,17], 1.0852499999999952
flows[6,17], 1.085250000000001
flows[7,17], 1.0852499999999947
flows[8,17], 1.0852499999999978
flows[9,17], 1.0852500000000085
flows[10,17], 1.0852499999999947
flows[11,17], 1.0852499999999534
flows[12,17], 1.0852499999999952
flows[13,17], 1.0852499999999916
flows[14,17], 1.0852499999999954
flows[15,17], 1.085249999999996
flows[16,17], 0.14500000000000718
flows[17,17], 0.0
flows[18,17], 1.0852500000000678
flows[19,17], 1.0852499999999956
flows[20,17], 1.0852499999999963
flows[21,17], 1.0852499999999996
flows[1,18], 1.406357614332823
flows[2,18], 1.2984999999999944
flows[3,18], 1.2984999999999947
flows[4,18], 1.2985000000000064
flows[5,18], 1.2984999999999955
flows[6,18], 1.3209625214163225
flows[7,18], 1.2984999999999964
flows[8,18], 0.5052653229608579
flows[9,18], 0.7004070055206226
flows[10,18], 1.2984999999999962
flows[11,18], 1.2935083285741864
flows[12,18], 1.2984999999999953
flows[13,18], 1.298500000000002
flows[14,18], 1.298499999999995
flows[15,18], 1.2984999999999942
flows[16,18], 1.3933672795850895
flows[17,18], 1.4079971711456045
flows[18,18], 0.0
flows[19,18], 1.2984999999999944
flows[20,18], 1.2984999999999942
flows[21,18], 1.2984999999999909
flows[1,19], 0.15931572760392718
flows[2,19], 0.1529747575144805
flows[3,19], 0.15297475751448078
flows[4,19], 0.15297475751448042
flows[5,19], 0.1529747575144809
flows[6,19], 0.1687011344552229
flows[7,19], 0.15297475751448053
flows[8,19], 0.15820798563554464
flows[9,19], 0.0
flows[10,19], 0.1529747575144813
flows[11,19], 0.14948000708321518
flows[12,19], 0.1529747575144814
flows[13,19], 0.15297475751448078
flows[14,19], 0.2407499999999996
flows[15,19], 0.0
flows[16,19], 0.15855202330175944
flows[17,19], 0.15941211746730444
flows[18,19], 0.0
flows[19,19], 0.0
flows[20,19], 0.15297475751448072
flows[21,19], 0.15297475751448034
flows[1,20], 0.0
flows[2,20], 0.0
flows[3,20], 0.0
flows[4,20], 0.0
flows[5,20], 0.0
flows[6,20], 0.0
flows[7,20], 0.0
flows[8,20], 0.0
flows[9,20], 0.0
flows[10,20], 0.0
flows[11,20], 0.0
flows[12,20], 0.0
flows[13,20], 0.0
flows[14,20], 0.0
flows[15,20], 0.0
flows[16,20], 0.0
flows[17,20], 0.0
flows[18,20], 0.0
flows[19,20], 0.0
flows[20,20], 0.0
flows[21,20], 0.0
overload, 0.0
c_w[1,1], 1.0
c_w[2,1], 0.0
c_w[3,1], 0.0
c_w[4,1], 0.0
c_w[5,1], 0.0
c_w[6,1], 0.0
c_w[7,1], 0.0
c_w[8,1], 0.0
c_w[9,1], 0.0
c_w[10,1], 0.0
c_w[11,1], 0.0
c_w[12,1], 0.0
c_w[13,1], 0.0
c_w[14,1], 0.0
c_w[15,1], 0.0
c_w[16,1], 0.0
c_w[17,1], 0.0
c_w[18,1], 0.0
c_w[19,1], 0.0
c_w[20,1], 0.0
c_w[21,1], 0.0
c_w[1,2], 0.0
c_w[2,2], 1.0
c_w[3,2], 0.0
c_w[4,2], 0.0
c_w[5,2], 0.0
c_w[6,2], 0.0
c_w[7,2], 0.0
c_w[8,2], 0.0
c_w[9,2], 0.0
c_w[10,2], 0.0
c_w[11,2], 0.0
c_w[12,2], 0.0
c_w[13,2], 0.0
c_w[14,2], 0.0
c_w[15,2], 0.0
c_w[16,2], 0.0
c_w[17,2], 0.0
c_w[18,2], 0.0
c_w[19,2], 0.0
c_w[20,2], 0.0
c_w[21,2], 0.0
c_w[1,3], 1.0
c_w[2,3], 1.0
c_w[3,3], 1.0
c_w[4,3], 1.0
c_w[5,3], 1.0
c_w[6,3], 1.0
c_w[7,3], 1.0
c_w[8,3], 1.0
c_w[9,3], 1.0
c_w[10,3], 1.0
c_w[11,3], 1.0
c_w[12,3], 1.0
c_w[13,3], 1.0
c_w[14,3], 1.0
c_w[15,3], 1.0
c_w[16,3], 1.0
c_w[17,3], 1.0
c_w[18,3], 1.0
c_w[19,3], 1.0
c_w[20,3], 1.0
c_w[21,3], 1.0
c_w[1,4], 0.0
c_w[2,4], 0.0
c_w[3,4], 0.0
c_w[4,4], 1.0
c_w[5,4], 0.0
c_w[6,4], 0.0
c_w[7,4], 0.0
c_w[8,4], 0.0
c_w[9,4], 0.0
c_w[10,4], 0.0
c_w[11,4], 0.0
c_w[12,4], 0.0
c_w[13,4], 0.0
c_w[14,4], 0.0
c_w[15,4], 0.0
c_w[16,4], 0.0
c_w[17,4], 0.0
c_w[18,4], 0.0
c_w[19,4], 0.0
c_w[20,4], 0.0
c_w[21,4], 0.0
c_w[1,5], 0.0
c_w[2,5], 0.0
c_w[3,5], 0.0
c_w[4,5], 0.0
c_w[5,5], 1.0
c_w[6,5], 0.0
c_w[7,5], 0.0
c_w[8,5], 0.0
c_w[9,5], 0.0
c_w[10,5], 0.0
c_w[11,5], 0.0
c_w[12,5], 0.0
c_w[13,5], 0.0
c_w[14,5], 0.0
c_w[15,5], 0.0
c_w[16,5], 0.0
c_w[17,5], 0.0
c_w[18,5], 0.0
c_w[19,5], 0.0
c_w[20,5], 0.0
c_w[21,5], 0.0
c_w[1,6], 0.0
c_w[2,6], 0.0
c_w[3,6], 0.0
c_w[4,6], 0.0
c_w[5,6], 0.0
c_w[6,6], 1.0
c_w[7,6], 0.0
c_w[8,6], 0.0
c_w[9,6], 0.0
c_w[10,6], 0.0
c_w[11,6], 0.0
c_w[12,6], 0.0
c_w[13,6], 0.0
c_w[14,6], 0.0
c_w[15,6], 0.0
c_w[16,6], 0.0
c_w[17,6], 0.0
c_w[18,6], 0.0
c_w[19,6], 0.0
c_w[20,6], 0.0
c_w[21,6], 0.0
c_w[1,7], 1.0
c_w[2,7], 1.0
c_w[3,7], 1.0
c_w[4,7], 1.0
c_w[5,7], 1.0
c_w[6,7], 1.0
c_w[7,7], 1.0
c_w[8,7], 1.0
c_w[9,7], 1.0
c_w[10,7], 1.0
c_w[11,7], 1.0
c_w[12,7], 1.0
c_w[13,7], 1.0
c_w[14,7], 1.0
c_w[15,7], 1.0
c_w[16,7], 1.0
c_w[17,7], 1.0
c_w[18,7], 1.0
c_w[19,7], 1.0
c_w[20,7], 1.0
c_w[21,7], 1.0
c_w[1,8], 0.0
c_w[2,8], 0.0
c_w[3,8], 0.0
c_w[4,8], 0.0
c_w[5,8], 0.0
c_w[6,8], 0.0
c_w[7,8], 0.0
c_w[8,8], 1.0
c_w[9,8], 0.0
c_w[10,8], 0.0
c_w[11,8], 0.0
c_w[12,8], 0.0
c_w[13,8], 0.0
c_w[14,8], 0.0
c_w[15,8], 0.0
c_w[16,8], 0.0
c_w[17,8], 0.0
c_w[18,8], 0.0
c_w[19,8], 0.0
c_w[20,8], 0.0
c_w[21,8], 0.0
c_w[1,9], 0.0
c_w[2,9], 0.0
c_w[3,9], 0.0
c_w[4,9], 0.0
c_w[5,9], 0.0
c_w[6,9], 0.0
c_w[7,9], 0.0
c_w[8,9], 0.0
c_w[9,9], 1.0
c_w[10,9], 0.0
c_w[11,9], 0.0
c_w[12,9], 0.0
c_w[13,9], 0.0
c_w[14,9], 0.0
c_w[15,9], 0.0
c_w[16,9], 0.0
c_w[17,9], 0.0
c_w[18,9], 0.0
c_w[19,9], 0.0
c_w[20,9], 0.0
c_w[21,9], 0.0
c_w[1,10], 1.0
c_w[2,10], 1.0
c_w[3,10], 1.0
c_w[4,10], 1.0
c_w[5,10], 1.0
c_w[6,10], 1.0
c_w[7,10], 1.0
c_w[8,10], 1.0
c_w[9,10], 1.0
c_w[10,10], 1.0
c_w[11,10], 1.0
c_w[12,10], 1.0
c_w[13,10], 1.0
c_w[14,10], 1.0
c_w[15,10], 1.0
c_w[16,10], 1.0
c_w[17,10], 1.0
c_w[18,10], 1.0
c_w[19,10], 1.0
c_w[20,10], 1.0
c_w[21,10], 1.0
c_w[1,11], 0.0
c_w[2,11], 0.0
c_w[3,11], 0.0
c_w[4,11], 0.0
c_w[5,11], 0.0
c_w[6,11], 0.0
c_w[7,11], 0.0
c_w[8,11], 0.0
c_w[9,11], 0.0
c_w[10,11], 0.0
c_w[11,11], 1.0
c_w[12,11], 0.0
c_w[13,11], 0.0
c_w[14,11], 0.0
c_w[15,11], 0.0
c_w[16,11], 0.0
c_w[17,11], 0.0
c_w[18,11], 0.0
c_w[19,11], 0.0
c_w[20,11], 0.0
c_w[21,11], 0.0
c_w[1,12], 1.0
c_w[2,12], 1.0
c_w[3,12], 1.0
c_w[4,12], 1.0
c_w[5,12], 1.0
c_w[6,12], 1.0
c_w[7,12], 1.0
c_w[8,12], 1.0
c_w[9,12], 1.0
c_w[10,12], 1.0
c_w[11,12], 1.0
c_w[12,12], 1.0
c_w[13,12], 1.0
c_w[14,12], 1.0
c_w[15,12], 1.0
c_w[16,12], 1.0
c_w[17,12], 1.0
c_w[18,12], 1.0
c_w[19,12], 1.0
c_w[20,12], 1.0
c_w[21,12], 1.0
c_w[1,13], 1.0
c_w[2,13], 1.0
c_w[3,13], 1.0
c_w[4,13], 1.0
c_w[5,13], 1.0
c_w[6,13], 1.0
c_w[7,13], 1.0
c_w[8,13], 1.0
c_w[9,13], 1.0
c_w[10,13], 1.0
c_w[11,13], 1.0
c_w[12,13], 1.0
c_w[13,13], 1.0
c_w[14,13], 1.0
c_w[15,13], 1.0
c_w[16,13], 1.0
c_w[17,13], 1.0
c_w[18,13], 1.0
c_w[19,13], 1.0
c_w[20,13], 1.0
c_w[21,13], 1.0
c_w[1,14], 0.0
c_w[2,14], 0.0
c_w[3,14], 0.0
c_w[4,14], 0.0
c_w[5,14], 0.0
c_w[6,14], 0.0
c_w[7,14], 0.0
c_w[8,14], 0.0
c_w[9,14], 0.0
c_w[10,14], 0.0
c_w[11,14], 0.0
c_w[12,14], 0.0
c_w[13,14], 0.0
c_w[14,14], 1.0
c_w[15,14], 0.0
c_w[16,14], 0.0
c_w[17,14], 0.0
c_w[18,14], 0.0
c_w[19,14], 0.0
c_w[20,14], 0.0
c_w[21,14], 0.0
c_w[1,15], 0.0
c_w[2,15], 0.0
c_w[3,15], 0.0
c_w[4,15], 0.0
c_w[5,15], 0.0
c_w[6,15], 0.0
c_w[7,15], 0.0
c_w[8,15], 0.0
c_w[9,15], 0.0
c_w[10,15], 0.0
c_w[11,15], 0.0
c_w[12,15], 0.0
c_w[13,15], 0.0
c_w[14,15], 0.0
c_w[15,15], 1.0
c_w[16,15], 0.0
c_w[17,15], 0.0
c_w[18,15], 0.0
c_w[19,15], 0.0
c_w[20,15], 0.0
c_w[21,15], 0.0
c_w[1,16], 0.0
c_w[2,16], 0.0
c_w[3,16], 0.0
c_w[4,16], 0.0
c_w[5,16], 0.0
c_w[6,16], 0.0
c_w[7,16], 0.0
c_w[8,16], 0.0
c_w[9,16], 0.0
c_w[10,16], 0.0
c_w[11,16], 0.0
c_w[12,16], 0.0
c_w[13,16], 0.0
c_w[14,16], 0.0
c_w[15,16], 0.0
c_w[16,16], 1.0
c_w[17,16], 0.0
c_w[18,16], 0.0
c_w[19,16], 0.0
c_w[20,16], 0.0
c_w[21,16], 0.0
c_w[1,17], 0.0
c_w[2,17], 0.0
c_w[3,17], 0.0
c_w[4,17], 0.0
c_w[5,17], 0.0
c_w[6,17], 0.0
c_w[7,17], 0.0
c_w[8,17], 0.0
c_w[9,17], 0.0
c_w[10,17], 0.0
c_w[11,17], 0.0
c_w[12,17], 0.0
c_w[13,17], 0.0
c_w[14,17], 0.0
c_w[15,17], 0.0
c_w[16,17], 0.0
c_w[17,17], 1.0
c_w[18,17], 0.0
c_w[19,17], 0.0
c_w[20,17], 0.0
c_w[21,17], 0.0
c_w[1,18], 0.0
c_w[2,18], 0.0
c_w[3,18], 0.0
c_w[4,18], 0.0
c_w[5,18], 0.0
c_w[6,18], 0.0
c_w[7,18], 0.0
c_w[8,18], 0.0
c_w[9,18], 0.0
c_w[10,18], 0.0
c_w[11,18], 0.0
c_w[12,18], 0.0
c_w[13,18], 0.0
c_w[14,18], 0.0
c_w[15,18], 0.0
c_w[16,18], 0.0
c_w[17,18], 0.0
c_w[18,18], 1.0
c_w[19,18], 0.0
c_w[20,18], 0.0
c_w[21,18], 0.0
c_w[1,19], 0.0
c_w[2,19], 0.0
c_w[3,19], 0.0
c_w[4,19], 0.0
c_w[5,19], 0.0
c_w[6,19], 0.0
c_w[7,19], 0.0
c_w[8,19], 0.0
c_w[9,19], 0.0
c_w[10,19], 0.0
c_w[11,19], 0.0
c_w[12,19], 0.0
c_w[13,19], 0.0
c_w[14,19], 0.0
c_w[15,19], 0.0
c_w[16,19], 0.0
c_w[17,19], 0.0
c_w[18,19], 0.0
c_w[19,19], 1.0
c_w[20,19], 0.0
c_w[21,19], 0.0
c_w[1,20], 0.0
c_w[2,20], 0.0
c_w[3,20], 0.0
c_w[4,20], 0.0
c_w[5,20], 0.0
c_w[6,20], 0.0
c_w[7,20], 0.0
c_w[8,20], 0.0
c_w[9,20], 0.0
c_w[10,20], 0.0
c_w[11,20], 0.0
c_w[12,20], 0.0
c_w[13,20], 0.0
c_w[14,20], 0.0
c_w[15,20], 0.0
c_w[16,20], 0.0
c_w[17,20], 0.0
c_w[18,20], 0.0
c_w[19,20], 0.0
c_w[20,20], 1.0
c_w[21,20], 0.0
ρ, 0.0
c_flows[21,1], -10.0
c_flows[21,2], 3.0
c_flows[21,3], 0.0
c_flows[21,4], -14.0
c_flows[21,5], 2.0
c_flows[21,6], 1.0
c_flows[21,7], 0.0
c_flows[21,8], 1.0
c_flows[21,9], 6.0
c_flows[21,10], 0.0
c_flows[21,11], 2.0
c_flows[21,12], 0.0
c_flows[21,13], 0.0
c_flows[21,14], 14.0
c_flows[21,15], -9.0
c_flows[21,16], -13.0
c_flows[21,17], -9.0
c_flows[21,18], 8.0
c_flows[21,19], -11.0
c_flows[21,20], 1.0
cn1_a[1], 1.0
cn1_a[2], 0.0
cn1_a[3], 0.0
cn1_a[4], 0.0
cn1_a[5], 0.0
cn1_a[6], 1.0
cn1_a[7], 0.0
cn1_a[8], 1.0
cn1_a[9], 1.0
cn1_a[10], 0.0
cn1_a[11], 1.0
cn1_a[12], 0.0
cn1_a[13], 0.0
cn1_a[14], 0.0
cn1_a[15], 0.0
cn1_a[16], 1.0
cn1_a[17], 1.0
cn1_a[18], 1.0
cn1_a[19], 0.0
cn1_a[20], 1.0
cn1_b[1], 0.0
cn1_b[2], 1.0
cn1_b[3], 1.0
cn1_b[4], 1.0
cn1_b[5], 1.0
cn1_b[6], 0.0
cn1_b[7], 1.0
cn1_b[8], 0.0
cn1_b[9], 0.0
cn1_b[10], 1.0
cn1_b[11], 0.0
cn1_b[12], 1.0
cn1_b[13], 1.0
cn1_b[14], 1.0
cn1_b[15], 1.0
cn1_b[16], 0.0
cn1_b[17], 0.0
cn1_b[18], 0.0
cn1_b[19], 1.0
cn1_b[20], 0.0
cn1_flows[1,1], 0.0
cn1_flows[2,1], 4.0
cn1_flows[3,1], 4.0
cn1_flows[4,1], 4.0
cn1_flows[5,1], 4.0
cn1_flows[6,1], 4.0
cn1_flows[7,1], 4.0
cn1_flows[8,1], 4.0
cn1_flows[9,1], 4.0
cn1_flows[10,1], 4.0
cn1_flows[11,1], 4.0
cn1_flows[12,1], 4.0
cn1_flows[13,1], 4.0
cn1_flows[14,1], 4.0
cn1_flows[15,1], 4.0
cn1_flows[16,1], 3.0
cn1_flows[17,1], 0.0
cn1_flows[18,1], 4.0
cn1_flows[19,1], 4.0
cn1_flows[20,1], 4.0
cn1_flows[1,2], -16.0
cn1_flows[2,2], 0.0
cn1_flows[3,2], -13.0
cn1_flows[4,2], 3.0
cn1_flows[5,2], 1.0
cn1_flows[6,2], -13.0
cn1_flows[7,2], -13.0
cn1_flows[8,2], -13.0
cn1_flows[9,2], -13.0
cn1_flows[10,2], -13.0
cn1_flows[11,2], -13.0
cn1_flows[12,2], -13.0
cn1_flows[13,2], -13.0
cn1_flows[14,2], -13.0
cn1_flows[15,2], -13.0
cn1_flows[16,2], 16.0
cn1_flows[17,2], -16.0
cn1_flows[18,2], -13.0
cn1_flows[19,2], -13.0
cn1_flows[20,2], -13.0
cn1_flows[1,3], 0.0
cn1_flows[2,3], 0.0
cn1_flows[3,3], 0.0
cn1_flows[4,3], 0.0
cn1_flows[5,3], 0.0
cn1_flows[6,3], 0.0
cn1_flows[7,3], 0.0
cn1_flows[8,3], 0.0
cn1_flows[9,3], 0.0
cn1_flows[10,3], 0.0
cn1_flows[11,3], 0.0
cn1_flows[12,3], 0.0
cn1_flows[13,3], 0.0
cn1_flows[14,3], 0.0
cn1_flows[15,3], 0.0
cn1_flows[16,3], 0.0
cn1_flows[17,3], 0.0
cn1_flows[18,3], 0.0
cn1_flows[19,3], 0.0
cn1_flows[20,3], 0.0
cn1_flows[1,4], 16.0
cn1_flows[2,4], 3.0
cn1_flows[3,4], 16.0
cn1_flows[4,4], 0.0
cn1_flows[5,4], 2.0
cn1_flows[6,4], 16.0
cn1_flows[7,4], 16.0
cn1_flows[8,4], 16.0
cn1_flows[9,4], 16.0
cn1_flows[10,4], 16.0
cn1_flows[11,4], 16.0
cn1_flows[12,4], 16.0
cn1_flows[13,4], 16.0
cn1_flows[14,4], 16.0
cn1_flows[15,4], 16.0
cn1_flows[16,4], -14.0
cn1_flows[17,4], 16.0
cn1_flows[18,4], 16.0
cn1_flows[19,4], 16.0
cn1_flows[20,4], 16.0
cn1_flows[1,5], -16.0
cn1_flows[2,5], -1.0
cn1_flows[3,5], -14.0
cn1_flows[4,5], 2.0
cn1_flows[5,5], 0.0
cn1_flows[6,5], -14.0
cn1_flows[7,5], -14.0
cn1_flows[8,5], -14.0
cn1_flows[9,5], -14.0
cn1_flows[10,5], -14.0
cn1_flows[11,5], -14.0
cn1_flows[12,5], -14.0
cn1_flows[13,5], -14.0
cn1_flows[14,5], -14.0
cn1_flows[15,5], -14.0
cn1_flows[16,5], 15.0
cn1_flows[17,5], -16.0
cn1_flows[18,5], -14.0
cn1_flows[19,5], -14.0
cn1_flows[20,5], -14.0
cn1_flows[1,6], 1.0
cn1_flows[2,6], 1.0
cn1_flows[3,6], 1.0
cn1_flows[4,6], 1.0
cn1_flows[5,6], 1.0
cn1_flows[6,6], 0.0
cn1_flows[7,6], 1.0
cn1_flows[8,6], 1.0
cn1_flows[9,6], 0.0
cn1_flows[10,6], 1.0
cn1_flows[11,6], 0.0
cn1_flows[12,6], 1.0
cn1_flows[13,6], 1.0
cn1_flows[14,6], 1.0
cn1_flows[15,6], 1.0
cn1_flows[16,6], 1.0
cn1_flows[17,6], 1.0
cn1_flows[18,6], 0.0
cn1_flows[19,6], 1.0
cn1_flows[20,6], 1.0
cn1_flows[1,7], 0.0
cn1_flows[2,7], 0.0
cn1_flows[3,7], 0.0
cn1_flows[4,7], 0.0
cn1_flows[5,7], 0.0
cn1_flows[6,7], 0.0
cn1_flows[7,7], 0.0
cn1_flows[8,7], 0.0
cn1_flows[9,7], 0.0
cn1_flows[10,7], 0.0
cn1_flows[11,7], 0.0
cn1_flows[12,7], 0.0
cn1_flows[13,7], 0.0
cn1_flows[14,7], 0.0
cn1_flows[15,7], 0.0
cn1_flows[16,7], 0.0
cn1_flows[17,7], 0.0
cn1_flows[18,7], 0.0
cn1_flows[19,7], 0.0
cn1_flows[20,7], 0.0
cn1_flows[1,8], 1.0
cn1_flows[2,8], 1.0
cn1_flows[3,8], 1.0
cn1_flows[4,8], 1.0
cn1_flows[5,8], 1.0
cn1_flows[6,8], 1.0
cn1_flows[7,8], 1.0
cn1_flows[8,8], 0.0
cn1_flows[9,8], 1.0
cn1_flows[10,8], 1.0
cn1_flows[11,8], 1.0
cn1_flows[12,8], 1.0
cn1_flows[13,8], 1.0
cn1_flows[14,8], 1.0
cn1_flows[15,8], 1.0
cn1_flows[16,8], 1.0
cn1_flows[17,8], 1.0
cn1_flows[18,8], 0.0
cn1_flows[19,8], 1.0
cn1_flows[20,8], 1.0
cn1_flows[1,9], 6.0
cn1_flows[2,9], 6.0
cn1_flows[3,9], 6.0
cn1_flows[4,9], 6.0
cn1_flows[5,9], 6.0
cn1_flows[6,9], 5.0
cn1_flows[7,9], 6.0
cn1_flows[8,9], 6.0
cn1_flows[9,9], 0.0
cn1_flows[10,9], 6.0
cn1_flows[11,9], 4.0
cn1_flows[12,9], 6.0
cn1_flows[13,9], 6.0
cn1_flows[14,9], 6.0
cn1_flows[15,9], 6.0
cn1_flows[16,9], 6.0
cn1_flows[17,9], 6.0
cn1_flows[18,9], 0.0
cn1_flows[19,9], 6.0
cn1_flows[20,9], 5.0
cn1_flows[1,10], 0.0
cn1_flows[2,10], 0.0
cn1_flows[3,10], 0.0
cn1_flows[4,10], 0.0
cn1_flows[5,10], 0.0
cn1_flows[6,10], 0.0
cn1_flows[7,10], 0.0
cn1_flows[8,10], 0.0
cn1_flows[9,10], 0.0
cn1_flows[10,10], 0.0
cn1_flows[11,10], 0.0
cn1_flows[12,10], 0.0
cn1_flows[13,10], 0.0
cn1_flows[14,10], 0.0
cn1_flows[15,10], 0.0
cn1_flows[16,10], 0.0
cn1_flows[17,10], 0.0
cn1_flows[18,10], 0.0
cn1_flows[19,10], 0.0
cn1_flows[20,10], 0.0
cn1_flows[1,11], 2.0
cn1_flows[2,11], 2.0
cn1_flows[3,11], 2.0
cn1_flows[4,11], 2.0
cn1_flows[5,11], 2.0
cn1_flows[6,11], 1.0
cn1_flows[7,11], 2.0
cn1_flows[8,11], 2.0
cn1_flows[9,11], 0.0
cn1_flows[10,11], 2.0
cn1_flows[11,11], 0.0
cn1_flows[12,11], 2.0
cn1_flows[13,11], 2.0
cn1_flows[14,11], 2.0
cn1_flows[15,11], 2.0
cn1_flows[16,11], 2.0
cn1_flows[17,11], 2.0
cn1_flows[18,11], 0.0
cn1_flows[19,11], 2.0
cn1_flows[20,11], 2.0
cn1_flows[1,12], 0.0
cn1_flows[2,12], 0.0
cn1_flows[3,12], 0.0
cn1_flows[4,12], 0.0
cn1_flows[5,12], 0.0
cn1_flows[6,12], 0.0
cn1_flows[7,12], 0.0
cn1_flows[8,12], 0.0
cn1_flows[9,12], 0.0
cn1_flows[10,12], 0.0
cn1_flows[11,12], 0.0
cn1_flows[12,12], 0.0
cn1_flows[13,12], 0.0
cn1_flows[14,12], 0.0
cn1_flows[15,12], 0.0
cn1_flows[16,12], 0.0
cn1_flows[17,12], 0.0
cn1_flows[18,12], 0.0
cn1_flows[19,12], 0.0
cn1_flows[20,12], 0.0
cn1_flows[1,13], 0.0
cn1_flows[2,13], 0.0
cn1_flows[3,13], 0.0
cn1_flows[4,13], 0.0
cn1_flows[5,13], 0.0
cn1_flows[6,13], 0.0
cn1_flows[7,13], 0.0
cn1_flows[8,13], 0.0
cn1_flows[9,13], 0.0
cn1_flows[10,13], 0.0
cn1_flows[11,13], 0.0
cn1_flows[12,13], 0.0
cn1_flows[13,13], 0.0
cn1_flows[14,13], 0.0
cn1_flows[15,13], 0.0
cn1_flows[16,13], 0.0
cn1_flows[17,13], 0.0
cn1_flows[18,13], 0.0
cn1_flows[19,13], 0.0
cn1_flows[20,13], 0.0
cn1_flows[1,14], 16.0
cn1_flows[2,14], 16.0
cn1_flows[3,14], 16.0
cn1_flows[4,14], 16.0
cn1_flows[5,14], 16.0
cn1_flows[6,14], 16.0
cn1_flows[7,14], 16.0
cn1_flows[8,14], 16.0
cn1_flows[9,14], 16.0
cn1_flows[10,14], 16.0
cn1_flows[11,14], 16.0
cn1_flows[12,14], 16.0
cn1_flows[13,14], 16.0
cn1_flows[14,14], 0.0
cn1_flows[15,14], 5.0
cn1_flows[16,14], 16.0
cn1_flows[17,14], 16.0
cn1_flows[18,14], 16.0
cn1_flows[19,14], 3.0
cn1_flows[20,14], 16.0
cn1_flows[1,15], -11.0
cn1_flows[2,15], -11.0
cn1_flows[3,15], -11.0
cn1_flows[4,15], -11.0
cn1_flows[5,15], -11.0
cn1_flows[6,15], -12.0
cn1_flows[7,15], -11.0
cn1_flows[8,15], -11.0
cn1_flows[9,15], -16.0
cn1_flows[10,15], -11.0
cn1_flows[11,15], -13.0
cn1_flows[12,15], -11.0
cn1_flows[13,15], -11.0
cn1_flows[14,15], 5.0
cn1_flows[15,15], 0.0
cn1_flows[16,15], -11.0
cn1_flows[17,15], -11.0
cn1_flows[18,15], -16.0
cn1_flows[19,15], 2.0
cn1_flows[20,15], -12.0
cn1_flows[1,16], 0.0
cn1_flows[2,16], 1.0
cn1_flows[3,16], 1.0
cn1_flows[4,16], 1.0
cn1_flows[5,16], 1.0
cn1_flows[6,16], 1.0
cn1_flows[7,16], 1.0
cn1_flows[8,16], 1.0
cn1_flows[9,16], 1.0
cn1_flows[10,16], 1.0
cn1_flows[11,16], 1.0
cn1_flows[12,16], 1.0
cn1_flows[13,16], 1.0
cn1_flows[14,16], 1.0
cn1_flows[15,16], 1.0
cn1_flows[16,16], 0.0
cn1_flows[17,16], 0.0
cn1_flows[18,16], 1.0
cn1_flows[19,16], 1.0
cn1_flows[20,16], 1.0
cn1_flows[1,17], 1.0
cn1_flows[2,17], 5.0
cn1_flows[3,17], 5.0
cn1_flows[4,17], 5.0
cn1_flows[5,17], 5.0
cn1_flows[6,17], 5.0
cn1_flows[7,17], 5.0
cn1_flows[8,17], 5.0
cn1_flows[9,17], 5.0
cn1_flows[10,17], 5.0
cn1_flows[11,17], 5.0
cn1_flows[12,17], 5.0
cn1_flows[13,17], 5.0
cn1_flows[14,17], 5.0
cn1_flows[15,17], 5.0
cn1_flows[16,17], 4.0
cn1_flows[17,17], 0.0
cn1_flows[18,17], 5.0
cn1_flows[19,17], 5.0
cn1_flows[20,17], 5.0
cn1_flows[1,18], 8.0
cn1_flows[2,18], 8.0
cn1_flows[3,18], 8.0
cn1_flows[4,18], 8.0
cn1_flows[5,18], 8.0
cn1_flows[6,18], 7.0
cn1_flows[7,18], 8.0
cn1_flows[8,18], 7.0
cn1_flows[9,18], 2.0
cn1_flows[10,18], 8.0
cn1_flows[11,18], 6.0
cn1_flows[12,18], 8.0
cn1_flows[13,18], 8.0
cn1_flows[14,18], 8.0
cn1_flows[15,18], 8.0
cn1_flows[16,18], 8.0
cn1_flows[17,18], 8.0
cn1_flows[18,18], 0.0
cn1_flows[19,18], 8.0
cn1_flows[20,18], 7.0
cn1_flows[1,19], -13.0
cn1_flows[2,19], -13.0
cn1_flows[3,19], -13.0
cn1_flows[4,19], -13.0
cn1_flows[5,19], -13.0
cn1_flows[6,19], -14.0
cn1_flows[7,19], -13.0
cn1_flows[8,19], -13.0
cn1_flows[9,19], -16.0
cn1_flows[10,19], -13.0
cn1_flows[11,19], -15.0
cn1_flows[12,19], -13.0
cn1_flows[13,19], -13.0
cn1_flows[14,19], 3.0
cn1_flows[15,19], -2.0
cn1_flows[16,19], -13.0
cn1_flows[17,19], -13.0
cn1_flows[18,19], -16.0
cn1_flows[19,19], 0.0
cn1_flows[20,19], -13.0
cn1_flows[1,20], 1.0
cn1_flows[2,20], 1.0
cn1_flows[3,20], 1.0
cn1_flows[4,20], 1.0
cn1_flows[5,20], 1.0
cn1_flows[6,20], 1.0
cn1_flows[7,20], 1.0
cn1_flows[8,20], 1.0
cn1_flows[9,20], 0.0
cn1_flows[10,20], 1.0
cn1_flows[11,20], 1.0
cn1_flows[12,20], 1.0
cn1_flows[13,20], 1.0
cn1_flows[14,20], 1.0
cn1_flows[15,20], 1.0
cn1_flows[16,20], 1.0
cn1_flows[17,20], 1.0
cn1_flows[18,20], 0.0
cn1_flows[19,20], 1.0
cn1_flows[20,20], 0.0
cn1_p_orig[1], -9.0
cn1_p_orig[2], -13.0
cn1_p_orig[3], -13.0
cn1_p_orig[4], -13.0
cn1_p_orig[5], -13.0
cn1_p_orig[6], -12.0
cn1_p_orig[7], -13.0
cn1_p_orig[8], -12.0
cn1_p_orig[9], -7.0
cn1_p_orig[10], -13.0
cn1_p_orig[11], -11.0
cn1_p_orig[12], -13.0
cn1_p_orig[13], -13.0
cn1_p_orig[14], -13.0
cn1_p_orig[15], -13.0
cn1_p_orig[16], -12.0
cn1_p_orig[17], -8.0
cn1_p_orig[18], -5.0
cn1_p_orig[19], -13.0
cn1_p_orig[20], -12.0
cn1_π[1,1], 0.0
cn1_π[2,1], 1.0
cn1_π[3,1], 1.0
cn1_π[4,1], 1.0
cn1_π[5,1], 1.0
cn1_π[6,1], 1.0
cn1_π[7,1], 1.0
cn1_π[8,1], 1.0
cn1_π[9,1], 1.0
cn1_π[10,1], 1.0
cn1_π[11,1], 1.0
cn1_π[12,1], 1.0
cn1_π[13,1], 1.0
cn1_π[14,1], 1.0
cn1_π[15,1], 1.0
cn1_π[16,1], 0.0
cn1_π[17,1], 0.0
cn1_π[18,1], 1.0
cn1_π[19,1], 1.0
cn1_π[20,1], 1.0
cn1_π[1,2], 1.0
cn1_π[2,2], 1.0
cn1_π[3,2], 1.0
cn1_π[4,2], 1.0
cn1_π[5,2], 1.0
cn1_π[6,2], 1.0
cn1_π[7,2], 1.0
cn1_π[8,2], 1.0
cn1_π[9,2], 1.0
cn1_π[10,2], 1.0
cn1_π[11,2], 1.0
cn1_π[12,2], 1.0
cn1_π[13,2], 1.0
cn1_π[14,2], 1.0
cn1_π[15,2], 1.0
cn1_π[16,2], 1.0
cn1_π[17,2], 0.0
cn1_π[18,2], 1.0
cn1_π[19,2], 1.0
cn1_π[20,2], 1.0
cn1_π[1,3], 0.0
cn1_π[2,3], 1.0
cn1_π[3,3], 1.0
cn1_π[4,3], 1.0
cn1_π[5,3], 1.0
cn1_π[6,3], 1.0
cn1_π[7,3], 1.0
cn1_π[8,3], 1.0
cn1_π[9,3], 1.0
cn1_π[10,3], 1.0
cn1_π[11,3], 1.0
cn1_π[12,3], 1.0
cn1_π[13,3], 1.0
cn1_π[14,3], 1.0
cn1_π[15,3], 1.0
cn1_π[16,3], 1.0
cn1_π[17,3], 0.0
cn1_π[18,3], 1.0
cn1_π[19,3], 1.0
cn1_π[20,3], 1.0
cn1_π[1,4], 0.0
cn1_π[2,4], 1.0
cn1_π[3,4], 1.0
cn1_π[4,4], 1.0
cn1_π[5,4], 1.0
cn1_π[6,4], 1.0
cn1_π[7,4], 1.0
cn1_π[8,4], 1.0
cn1_π[9,4], 1.0
cn1_π[10,4], 1.0
cn1_π[11,4], 1.0
cn1_π[12,4], 1.0
cn1_π[13,4], 1.0
cn1_π[14,4], 1.0
cn1_π[15,4], 1.0
cn1_π[16,4], 1.0
cn1_π[17,4], 0.0
cn1_π[18,4], 1.0
cn1_π[19,4], 1.0
cn1_π[20,4], 1.0
cn1_π[1,5], 1.0
cn1_π[2,5], 1.0
cn1_π[3,5], 1.0
cn1_π[4,5], 1.0
cn1_π[5,5], 1.0
cn1_π[6,5], 1.0
cn1_π[7,5], 1.0
cn1_π[8,5], 1.0
cn1_π[9,5], 0.0
cn1_π[10,5], 1.0
cn1_π[11,5], 0.0
cn1_π[12,5], 1.0
cn1_π[13,5], 1.0
cn1_π[14,5], 1.0
cn1_π[15,5], 1.0
cn1_π[16,5], 1.0
cn1_π[17,5], 1.0
cn1_π[18,5], 0.0
cn1_π[19,5], 1.0
cn1_π[20,5], 1.0
cn1_π[1,6], 1.0
cn1_π[2,6], 1.0
cn1_π[3,6], 1.0
cn1_π[4,6], 1.0
cn1_π[5,6], 1.0
cn1_π[6,6], 1.0
cn1_π[7,6], 1.0
cn1_π[8,6], 1.0
cn1_π[9,6], 1.0
cn1_π[10,6], 1.0
cn1_π[11,6], 1.0
cn1_π[12,6], 1.0
cn1_π[13,6], 1.0
cn1_π[14,6], 1.0
cn1_π[15,6], 1.0
cn1_π[16,6], 1.0
cn1_π[17,6], 1.0
cn1_π[18,6], 0.0
cn1_π[19,6], 1.0
cn1_π[20,6], 1.0
cn1_π[1,7], 1.0
cn1_π[2,7], 1.0
cn1_π[3,7], 1.0
cn1_π[4,7], 1.0
cn1_π[5,7], 1.0
cn1_π[6,7], 0.0
cn1_π[7,7], 1.0
cn1_π[8,7], 1.0
cn1_π[9,7], 0.0
cn1_π[10,7], 1.0
cn1_π[11,7], 0.0
cn1_π[12,7], 1.0
cn1_π[13,7], 1.0
cn1_π[14,7], 1.0
cn1_π[15,7], 1.0
cn1_π[16,7], 1.0
cn1_π[17,7], 1.0
cn1_π[18,7], 0.0
cn1_π[19,7], 1.0
cn1_π[20,7], 1.0
cn1_π[1,8], 1.0
cn1_π[2,8], 1.0
cn1_π[3,8], 1.0
cn1_π[4,8], 1.0
cn1_π[5,8], 1.0
cn1_π[6,8], 1.0
cn1_π[7,8], 1.0
cn1_π[8,8], 1.0
cn1_π[9,8], 0.0
cn1_π[10,8], 1.0
cn1_π[11,8], 1.0
cn1_π[12,8], 1.0
cn1_π[13,8], 1.0
cn1_π[14,8], 1.0
cn1_π[15,8], 1.0
cn1_π[16,8], 1.0
cn1_π[17,8], 1.0
cn1_π[18,8], 0.0
cn1_π[19,8], 1.0
cn1_π[20,8], 1.0
cn1_π[1,9], 1.0
cn1_π[2,9], 1.0
cn1_π[3,9], 1.0
cn1_π[4,9], 1.0
cn1_π[5,9], 1.0
cn1_π[6,9], 1.0
cn1_π[7,9], 1.0
cn1_π[8,9], 0.0
cn1_π[9,9], 1.0
cn1_π[10,9], 1.0
cn1_π[11,9], 1.0
cn1_π[12,9], 1.0
cn1_π[13,9], 1.0
cn1_π[14,9], 1.0
cn1_π[15,9], 1.0
cn1_π[16,9], 1.0
cn1_π[17,9], 1.0
cn1_π[18,9], 0.0
cn1_π[19,9], 1.0
cn1_π[20,9], 1.0
cn1_π[1,10], 1.0
cn1_π[2,10], 1.0
cn1_π[3,10], 1.0
cn1_π[4,10], 1.0
cn1_π[5,10], 1.0
cn1_π[6,10], 1.0
cn1_π[7,10], 1.0
cn1_π[8,10], 1.0
cn1_π[9,10], 0.0
cn1_π[10,10], 1.0
cn1_π[11,10], 1.0
cn1_π[12,10], 1.0
cn1_π[13,10], 1.0
cn1_π[14,10], 1.0
cn1_π[15,10], 1.0
cn1_π[16,10], 1.0
cn1_π[17,10], 1.0
cn1_π[18,10], 0.0
cn1_π[19,10], 1.0
cn1_π[20,10], 1.0
cn1_π[1,11], 0.0
cn1_π[2,11], 1.0
cn1_π[3,11], 1.0
cn1_π[4,11], 1.0
cn1_π[5,11], 1.0
cn1_π[6,11], 1.0
cn1_π[7,11], 1.0
cn1_π[8,11], 1.0
cn1_π[9,11], 1.0
cn1_π[10,11], 1.0
cn1_π[11,11], 1.0
cn1_π[12,11], 1.0
cn1_π[13,11], 1.0
cn1_π[14,11], 1.0
cn1_π[15,11], 1.0
cn1_π[16,11], 1.0
cn1_π[17,11], 0.0
cn1_π[18,11], 1.0
cn1_π[19,11], 1.0
cn1_π[20,11], 1.0
cn1_π[1,12], 1.0
cn1_π[2,12], 1.0
cn1_π[3,12], 1.0
cn1_π[4,12], 1.0
cn1_π[5,12], 1.0
cn1_π[6,12], 1.0
cn1_π[7,12], 1.0
cn1_π[8,12], 1.0
cn1_π[9,12], 1.0
cn1_π[10,12], 1.0
cn1_π[11,12], 1.0
cn1_π[12,12], 1.0
cn1_π[13,12], 1.0
cn1_π[14,12], 1.0
cn1_π[15,12], 1.0
cn1_π[16,12], 1.0
cn1_π[17,12], 1.0
cn1_π[18,12], 1.0
cn1_π[19,12], 1.0
cn1_π[20,12], 1.0
cn1_π[1,13], 1.0
cn1_π[2,13], 1.0
cn1_π[3,13], 1.0
cn1_π[4,13], 1.0
cn1_π[5,13], 1.0
cn1_π[6,13], 1.0
cn1_π[7,13], 1.0
cn1_π[8,13], 1.0
cn1_π[9,13], 0.0
cn1_π[10,13], 1.0
cn1_π[11,13], 1.0
cn1_π[12,13], 1.0
cn1_π[13,13], 1.0
cn1_π[14,13], 1.0
cn1_π[15,13], 1.0
cn1_π[16,13], 1.0
cn1_π[17,13], 1.0
cn1_π[18,13], 0.0
cn1_π[19,13], 1.0
cn1_π[20,13], 0.0
cn1_π[1,14], 1.0
cn1_π[2,14], 1.0
cn1_π[3,14], 1.0
cn1_π[4,14], 1.0
cn1_π[5,14], 1.0
cn1_π[6,14], 1.0
cn1_π[7,14], 1.0
cn1_π[8,14], 1.0
cn1_π[9,14], 0.0
cn1_π[10,14], 1.0
cn1_π[11,14], 1.0
cn1_π[12,14], 1.0
cn1_π[13,14], 1.0
cn1_π[14,14], 1.0
cn1_π[15,14], 1.0
cn1_π[16,14], 1.0
cn1_π[17,14], 1.0
cn1_π[18,14], 0.0
cn1_π[19,14], 1.0
cn1_π[20,14], 1.0
cn1_ψ[1,1,10], 0.0
cn1_ψ[1,1,16], 0.0
cn1_ψ[1,2,1], 0.0
cn1_ψ[1,2,7], 0.0
cn1_ψ[1,2,13], 0.0
cn1_ψ[1,2,17], 1.0
cn1_ψ[1,3,1], 0.0
cn1_ψ[1,3,2], 0.0
cn1_ψ[1,3,3], 0.0
cn1_ψ[1,3,4], 0.0
cn1_ψ[1,4,2], 0.0
cn1_ψ[1,4,5], 0.0
cn1_ψ[1,5,6], 1.0
cn1_ψ[1,5,11], 1.0
cn1_ψ[1,6,7], 0.0
cn1_ψ[1,6,8], 1.0
cn1_ψ[1,6,9], 1.0
cn1_ψ[1,6,18], 1.0
cn1_ψ[1,7,3], 0.0
cn1_ψ[1,7,6], 1.0
cn1_ψ[1,8,10], 0.0
cn1_ψ[1,8,11], 1.0
cn1_ψ[1,8,14], 1.0
cn1_ψ[1,8,19], 1.0
cn1_ψ[1,9,8], 1.0
cn1_ψ[1,9,12], 0.0
cn1_ψ[1,10,9], 1.0
cn1_ψ[1,10,12], 0.0
cn1_ψ[1,10,13], 0.0
cn1_ψ[1,10,14], 1.0
cn1_ψ[1,10,15], 1.0
cn1_ψ[1,11,4], 0.0
cn1_ψ[1,11,5], 0.0
cn1_ψ[1,11,16], 0.0
cn1_ψ[1,12,17], 1.0
cn1_ψ[1,12,18], 1.0
cn1_ψ[1,13,20], 1.0
cn1_ψ[1,14,15], 1.0
cn1_ψ[1,14,19], 1.0
cn1_ψ[1,14,20], 1.0
cn1_ψ[2,1,10], 0.0
cn1_ψ[2,1,16], 1.0
cn1_ψ[2,2,1], 1.0
cn1_ψ[2,2,7], 0.0
cn1_ψ[2,2,13], 0.0
cn1_ψ[2,2,17], 1.0
cn1_ψ[2,3,1], 1.0
cn1_ψ[2,3,2], 0.0
cn1_ψ[2,3,3], 0.0
cn1_ψ[2,3,4], 1.0
cn1_ψ[2,4,2], 0.0
cn1_ψ[2,4,5], 1.0
cn1_ψ[2,5,6], 1.0
cn1_ψ[2,5,11], 1.0
cn1_ψ[2,6,7], 0.0
cn1_ψ[2,6,8], 1.0
cn1_ψ[2,6,9], 1.0
cn1_ψ[2,6,18], 1.0
cn1_ψ[2,7,3], 0.0
cn1_ψ[2,7,6], 1.0
cn1_ψ[2,8,10], 0.0
cn1_ψ[2,8,11], 1.0
cn1_ψ[2,8,14], 1.0
cn1_ψ[2,8,19], 1.0
cn1_ψ[2,9,8], 1.0
cn1_ψ[2,9,12], 0.0
cn1_ψ[2,10,9], 1.0
cn1_ψ[2,10,12], 0.0
cn1_ψ[2,10,13], 0.0
cn1_ψ[2,10,14], 1.0
cn1_ψ[2,10,15], 1.0
cn1_ψ[2,11,4], 1.0
cn1_ψ[2,11,5], 1.0
cn1_ψ[2,11,16], 1.0
cn1_ψ[2,12,17], 1.0
cn1_ψ[2,12,18], 1.0
cn1_ψ[2,13,20], 1.0
cn1_ψ[2,14,15], 1.0
cn1_ψ[2,14,19], 1.0
cn1_ψ[2,14,20], 1.0
cn1_ψ[3,1,10], 0.0
cn1_ψ[3,1,16], 1.0
cn1_ψ[3,2,1], 1.0
cn1_ψ[3,2,7], 0.0
cn1_ψ[3,2,13], 0.0
cn1_ψ[3,2,17], 1.0
cn1_ψ[3,3,1], 1.0
cn1_ψ[3,3,2], 1.0
cn1_ψ[3,3,3], 0.0
cn1_ψ[3,3,4], 1.0
cn1_ψ[3,4,2], 1.0
cn1_ψ[3,4,5], 1.0
cn1_ψ[3,5,6], 1.0
cn1_ψ[3,5,11], 1.0
cn1_ψ[3,6,7], 0.0
cn1_ψ[3,6,8], 1.0
cn1_ψ[3,6,9], 1.0
cn1_ψ[3,6,18], 1.0
cn1_ψ[3,7,3], 0.0
cn1_ψ[3,7,6], 1.0
cn1_ψ[3,8,10], 0.0
cn1_ψ[3,8,11], 1.0
cn1_ψ[3,8,14], 1.0
cn1_ψ[3,8,19], 1.0
cn1_ψ[3,9,8], 1.0
cn1_ψ[3,9,12], 0.0
cn1_ψ[3,10,9], 1.0
cn1_ψ[3,10,12], 0.0
cn1_ψ[3,10,13], 0.0
cn1_ψ[3,10,14], 1.0
cn1_ψ[3,10,15], 1.0
cn1_ψ[3,11,4], 1.0
cn1_ψ[3,11,5], 1.0
cn1_ψ[3,11,16], 1.0
cn1_ψ[3,12,17], 1.0
cn1_ψ[3,12,18], 1.0
cn1_ψ[3,13,20], 1.0
cn1_ψ[3,14,15], 1.0
cn1_ψ[3,14,19], 1.0
cn1_ψ[3,14,20], 1.0
cn1_ψ[4,1,10], 0.0
cn1_ψ[4,1,16], 1.0
cn1_ψ[4,2,1], 1.0
cn1_ψ[4,2,7], 0.0
cn1_ψ[4,2,13], 0.0
cn1_ψ[4,2,17], 1.0
cn1_ψ[4,3,1], 1.0
cn1_ψ[4,3,2], 1.0
cn1_ψ[4,3,3], 0.0
cn1_ψ[4,3,4], 0.0
cn1_ψ[4,4,2], 1.0
cn1_ψ[4,4,5], 1.0
cn1_ψ[4,5,6], 1.0
cn1_ψ[4,5,11], 1.0
cn1_ψ[4,6,7], 0.0
cn1_ψ[4,6,8], 1.0
cn1_ψ[4,6,9], 1.0
cn1_ψ[4,6,18], 1.0
cn1_ψ[4,7,3], 0.0
cn1_ψ[4,7,6], 1.0
cn1_ψ[4,8,10], 0.0
cn1_ψ[4,8,11], 1.0
cn1_ψ[4,8,14], 1.0
cn1_ψ[4,8,19], 1.0
cn1_ψ[4,9,8], 1.0
cn1_ψ[4,9,12], 0.0
cn1_ψ[4,10,9], 1.0
cn1_ψ[4,10,12], 0.0
cn1_ψ[4,10,13], 0.0
cn1_ψ[4,10,14], 1.0
cn1_ψ[4,10,15], 1.0
cn1_ψ[4,11,4], 0.0
cn1_ψ[4,11,5], 1.0
cn1_ψ[4,11,16], 1.0
cn1_ψ[4,12,17], 1.0
cn1_ψ[4,12,18], 1.0
cn1_ψ[4,13,20], 1.0
cn1_ψ[4,14,15], 1.0
cn1_ψ[4,14,19], 1.0
cn1_ψ[4,14,20], 1.0
cn1_ψ[5,1,10], 0.0
cn1_ψ[5,1,16], 1.0
cn1_ψ[5,2,1], 1.0
cn1_ψ[5,2,7], 0.0
cn1_ψ[5,2,13], 0.0
cn1_ψ[5,2,17], 1.0
cn1_ψ[5,3,1], 1.0
cn1_ψ[5,3,2], 1.0
cn1_ψ[5,3,3], 0.0
cn1_ψ[5,3,4], 1.0
cn1_ψ[5,4,2], 1.0
cn1_ψ[5,4,5], 0.0
cn1_ψ[5,5,6], 1.0
cn1_ψ[5,5,11], 1.0
cn1_ψ[5,6,7], 0.0
cn1_ψ[5,6,8], 1.0
cn1_ψ[5,6,9], 1.0
cn1_ψ[5,6,18], 1.0
cn1_ψ[5,7,3], 0.0
cn1_ψ[5,7,6], 1.0
cn1_ψ[5,8,10], 0.0
cn1_ψ[5,8,11], 1.0
cn1_ψ[5,8,14], 1.0
cn1_ψ[5,8,19], 1.0
cn1_ψ[5,9,8], 1.0
cn1_ψ[5,9,12], 0.0
cn1_ψ[5,10,9], 1.0
cn1_ψ[5,10,12], 0.0
cn1_ψ[5,10,13], 0.0
cn1_ψ[5,10,14], 1.0
cn1_ψ[5,10,15], 1.0
cn1_ψ[5,11,4], 1.0
cn1_ψ[5,11,5], 0.0
cn1_ψ[5,11,16], 1.0
cn1_ψ[5,12,17], 1.0
cn1_ψ[5,12,18], 1.0
cn1_ψ[5,13,20], 1.0
cn1_ψ[5,14,15], 1.0
cn1_ψ[5,14,19], 1.0
cn1_ψ[5,14,20], 1.0
cn1_ψ[6,1,10], 0.0
cn1_ψ[6,1,16], 1.0
cn1_ψ[6,2,1], 1.0
cn1_ψ[6,2,7], 0.0
cn1_ψ[6,2,13], 0.0
cn1_ψ[6,2,17], 1.0
cn1_ψ[6,3,1], 1.0
cn1_ψ[6,3,2], 1.0
cn1_ψ[6,3,3], 0.0
cn1_ψ[6,3,4], 1.0
cn1_ψ[6,4,2], 1.0
cn1_ψ[6,4,5], 1.0
cn1_ψ[6,5,6], 0.0
cn1_ψ[6,5,11], 1.0
cn1_ψ[6,6,7], 0.0
cn1_ψ[6,6,8], 1.0
cn1_ψ[6,6,9], 1.0
cn1_ψ[6,6,18], 1.0
cn1_ψ[6,7,3], 0.0
cn1_ψ[6,7,6], 0.0
cn1_ψ[6,8,10], 0.0
cn1_ψ[6,8,11], 1.0
cn1_ψ[6,8,14], 1.0
cn1_ψ[6,8,19], 1.0
cn1_ψ[6,9,8], 1.0
cn1_ψ[6,9,12], 0.0
cn1_ψ[6,10,9], 1.0
cn1_ψ[6,10,12], 0.0
cn1_ψ[6,10,13], 0.0
cn1_ψ[6,10,14], 1.0
cn1_ψ[6,10,15], 1.0
cn1_ψ[6,11,4], 1.0
cn1_ψ[6,11,5], 1.0
cn1_ψ[6,11,16], 1.0
cn1_ψ[6,12,17], 1.0
cn1_ψ[6,12,18], 1.0
cn1_ψ[6,13,20], 1.0
cn1_ψ[6,14,15], 1.0
cn1_ψ[6,14,19], 1.0
cn1_ψ[6,14,20], 1.0
cn1_ψ[7,1,10], 0.0
cn1_ψ[7,1,16], 1.0
cn1_ψ[7,2,1], 1.0
cn1_ψ[7,2,7], 0.0
cn1_ψ[7,2,13], 0.0
cn1_ψ[7,2,17], 1.0
cn1_ψ[7,3,1], 1.0
cn1_ψ[7,3,2], 1.0
cn1_ψ[7,3,3], 0.0
cn1_ψ[7,3,4], 1.0
cn1_ψ[7,4,2], 1.0
cn1_ψ[7,4,5], 1.0
cn1_ψ[7,5,6], 1.0
cn1_ψ[7,5,11], 1.0
cn1_ψ[7,6,7], 0.0
cn1_ψ[7,6,8], 1.0
cn1_ψ[7,6,9], 1.0
cn1_ψ[7,6,18], 1.0
cn1_ψ[7,7,3], 0.0
cn1_ψ[7,7,6], 1.0
cn1_ψ[7,8,10], 0.0
cn1_ψ[7,8,11], 1.0
cn1_ψ[7,8,14], 1.0
cn1_ψ[7,8,19], 1.0
cn1_ψ[7,9,8], 1.0
cn1_ψ[7,9,12], 0.0
cn1_ψ[7,10,9], 1.0
cn1_ψ[7,10,12], 0.0
cn1_ψ[7,10,13], 0.0
cn1_ψ[7,10,14], 1.0
cn1_ψ[7,10,15], 1.0
cn1_ψ[7,11,4], 1.0
cn1_ψ[7,11,5], 1.0
cn1_ψ[7,11,16], 1.0
cn1_ψ[7,12,17], 1.0
cn1_ψ[7,12,18], 1.0
cn1_ψ[7,13,20], 1.0
cn1_ψ[7,14,15], 1.0
cn1_ψ[7,14,19], 1.0
cn1_ψ[7,14,20], 1.0
cn1_ψ[8,1,10], 0.0
cn1_ψ[8,1,16], 1.0
cn1_ψ[8,2,1], 1.0
cn1_ψ[8,2,7], 0.0
cn1_ψ[8,2,13], 0.0
cn1_ψ[8,2,17], 1.0
cn1_ψ[8,3,1], 1.0
cn1_ψ[8,3,2], 1.0
cn1_ψ[8,3,3], 0.0
cn1_ψ[8,3,4], 1.0
cn1_ψ[8,4,2], 1.0
cn1_ψ[8,4,5], 1.0
cn1_ψ[8,5,6], 1.0
cn1_ψ[8,5,11], 1.0
cn1_ψ[8,6,7], 0.0
cn1_ψ[8,6,8], 0.0
cn1_ψ[8,6,9], 1.0
cn1_ψ[8,6,18], 1.0
cn1_ψ[8,7,3], 0.0
cn1_ψ[8,7,6], 1.0
cn1_ψ[8,8,10], 0.0
cn1_ψ[8,8,11], 1.0
cn1_ψ[8,8,14], 1.0
cn1_ψ[8,8,19], 1.0
cn1_ψ[8,9,8], 0.0
cn1_ψ[8,9,12], 0.0
cn1_ψ[8,10,9], 1.0
cn1_ψ[8,10,12], 0.0
cn1_ψ[8,10,13], 0.0
cn1_ψ[8,10,14], 1.0
cn1_ψ[8,10,15], 1.0
cn1_ψ[8,11,4], 1.0
cn1_ψ[8,11,5], 1.0
cn1_ψ[8,11,16], 1.0
cn1_ψ[8,12,17], 1.0
cn1_ψ[8,12,18], 1.0
cn1_ψ[8,13,20], 1.0
cn1_ψ[8,14,15], 1.0
cn1_ψ[8,14,19], 1.0
cn1_ψ[8,14,20], 1.0
cn1_ψ[9,1,10], 0.0
cn1_ψ[9,1,16], 1.0
cn1_ψ[9,2,1], 1.0
cn1_ψ[9,2,7], 0.0
cn1_ψ[9,2,13], 0.0
cn1_ψ[9,2,17], 1.0
cn1_ψ[9,3,1], 1.0
cn1_ψ[9,3,2], 1.0
cn1_ψ[9,3,3], 0.0
cn1_ψ[9,3,4], 1.0
cn1_ψ[9,4,2], 1.0
cn1_ψ[9,4,5], 1.0
cn1_ψ[9,5,6], 0.0
cn1_ψ[9,5,11], 0.0
cn1_ψ[9,6,7], 0.0
cn1_ψ[9,6,8], 1.0
cn1_ψ[9,6,9], 0.0
cn1_ψ[9,6,18], 1.0
cn1_ψ[9,7,3], 0.0
cn1_ψ[9,7,6], 0.0
cn1_ψ[9,8,10], 0.0
cn1_ψ[9,8,11], 0.0
cn1_ψ[9,8,14], 0.0
cn1_ψ[9,8,19], 0.0
cn1_ψ[9,9,8], 1.0
cn1_ψ[9,9,12], 0.0
cn1_ψ[9,10,9], 0.0
cn1_ψ[9,10,12], 0.0
cn1_ψ[9,10,13], 0.0
cn1_ψ[9,10,14], 0.0
cn1_ψ[9,10,15], 0.0
cn1_ψ[9,11,4], 1.0
cn1_ψ[9,11,5], 1.0
cn1_ψ[9,11,16], 1.0
cn1_ψ[9,12,17], 1.0
cn1_ψ[9,12,18], 1.0
cn1_ψ[9,13,20], 0.0
cn1_ψ[9,14,15], 0.0
cn1_ψ[9,14,19], 0.0
cn1_ψ[9,14,20], 0.0
cn1_ψ[10,1,10], 0.0
cn1_ψ[10,1,16], 1.0
cn1_ψ[10,2,1], 1.0
cn1_ψ[10,2,7], 0.0
cn1_ψ[10,2,13], 0.0
cn1_ψ[10,2,17], 1.0
cn1_ψ[10,3,1], 1.0
cn1_ψ[10,3,2], 1.0
cn1_ψ[10,3,3], 0.0
cn1_ψ[10,3,4], 1.0
cn1_ψ[10,4,2], 1.0
cn1_ψ[10,4,5], 1.0
cn1_ψ[10,5,6], 1.0
cn1_ψ[10,5,11], 1.0
cn1_ψ[10,6,7], 0.0
cn1_ψ[10,6,8], 1.0
cn1_ψ[10,6,9], 1.0
cn1_ψ[10,6,18], 1.0
cn1_ψ[10,7,3], 0.0
cn1_ψ[10,7,6], 1.0
cn1_ψ[10,8,10], 0.0
cn1_ψ[10,8,11], 1.0
cn1_ψ[10,8,14], 1.0
cn1_ψ[10,8,19], 1.0
cn1_ψ[10,9,8], 1.0
cn1_ψ[10,9,12], 0.0
cn1_ψ[10,10,9], 1.0
cn1_ψ[10,10,12], 0.0
cn1_ψ[10,10,13], 0.0
cn1_ψ[10,10,14], 1.0
cn1_ψ[10,10,15], 1.0
cn1_ψ[10,11,4], 1.0
cn1_ψ[10,11,5], 1.0
cn1_ψ[10,11,16], 1.0
cn1_ψ[10,12,17], 1.0
cn1_ψ[10,12,18], 1.0
cn1_ψ[10,13,20], 1.0
cn1_ψ[10,14,15], 1.0
cn1_ψ[10,14,19], 1.0
cn1_ψ[10,14,20], 1.0
cn1_ψ[11,1,10], 0.0
cn1_ψ[11,1,16], 1.0
cn1_ψ[11,2,1], 1.0
cn1_ψ[11,2,7], 0.0
cn1_ψ[11,2,13], 0.0
cn1_ψ[11,2,17], 1.0
cn1_ψ[11,3,1], 1.0
cn1_ψ[11,3,2], 1.0
cn1_ψ[11,3,3], 0.0
cn1_ψ[11,3,4], 1.0
cn1_ψ[11,4,2], 1.0
cn1_ψ[11,4,5], 1.0
cn1_ψ[11,5,6], 0.0
cn1_ψ[11,5,11], 0.0
cn1_ψ[11,6,7], 0.0
cn1_ψ[11,6,8], 1.0
cn1_ψ[11,6,9], 1.0
cn1_ψ[11,6,18], 1.0
cn1_ψ[11,7,3], 0.0
cn1_ψ[11,7,6], 0.0
cn1_ψ[11,8,10], 0.0
cn1_ψ[11,8,11], 0.0
cn1_ψ[11,8,14], 1.0
cn1_ψ[11,8,19], 1.0
cn1_ψ[11,9,8], 1.0
cn1_ψ[11,9,12], 0.0
cn1_ψ[11,10,9], 1.0
cn1_ψ[11,10,12], 0.0
cn1_ψ[11,10,13], 0.0
cn1_ψ[11,10,14], 1.0
cn1_ψ[11,10,15], 1.0
cn1_ψ[11,11,4], 1.0
cn1_ψ[11,11,5], 1.0
cn1_ψ[11,11,16], 1.0
cn1_ψ[11,12,17], 1.0
cn1_ψ[11,12,18], 1.0
cn1_ψ[11,13,20], 1.0
cn1_ψ[11,14,15], 1.0
cn1_ψ[11,14,19], 1.0
cn1_ψ[11,14,20], 1.0
cn1_ψ[12,1,10], 0.0
cn1_ψ[12,1,16], 1.0
cn1_ψ[12,2,1], 1.0
cn1_ψ[12,2,7], 0.0
cn1_ψ[12,2,13], 0.0
cn1_ψ[12,2,17], 1.0
cn1_ψ[12,3,1], 1.0
cn1_ψ[12,3,2], 1.0
cn1_ψ[12,3,3], 0.0
cn1_ψ[12,3,4], 1.0
cn1_ψ[12,4,2], 1.0
cn1_ψ[12,4,5], 1.0
cn1_ψ[12,5,6], 1.0
cn1_ψ[12,5,11], 1.0
cn1_ψ[12,6,7], 0.0
cn1_ψ[12,6,8], 1.0
cn1_ψ[12,6,9], 1.0
cn1_ψ[12,6,18], 1.0
cn1_ψ[12,7,3], 0.0
cn1_ψ[12,7,6], 1.0
cn1_ψ[12,8,10], 0.0
cn1_ψ[12,8,11], 1.0
cn1_ψ[12,8,14], 1.0
cn1_ψ[12,8,19], 1.0
cn1_ψ[12,9,8], 1.0
cn1_ψ[12,9,12], 0.0
cn1_ψ[12,10,9], 1.0
cn1_ψ[12,10,12], 0.0
cn1_ψ[12,10,13], 0.0
cn1_ψ[12,10,14], 1.0
cn1_ψ[12,10,15], 1.0
cn1_ψ[12,11,4], 1.0
cn1_ψ[12,11,5], 1.0
cn1_ψ[12,11,16], 1.0
cn1_ψ[12,12,17], 1.0
cn1_ψ[12,12,18], 1.0
cn1_ψ[12,13,20], 1.0
cn1_ψ[12,14,15], 1.0
cn1_ψ[12,14,19], 1.0
cn1_ψ[12,14,20], 1.0
cn1_ψ[13,1,10], 0.0
cn1_ψ[13,1,16], 1.0
cn1_ψ[13,2,1], 1.0
cn1_ψ[13,2,7], 0.0
cn1_ψ[13,2,13], 0.0
cn1_ψ[13,2,17], 1.0
cn1_ψ[13,3,1], 1.0
cn1_ψ[13,3,2], 1.0
cn1_ψ[13,3,3], 0.0
cn1_ψ[13,3,4], 1.0
cn1_ψ[13,4,2], 1.0
cn1_ψ[13,4,5], 1.0
cn1_ψ[13,5,6], 1.0
cn1_ψ[13,5,11], 1.0
cn1_ψ[13,6,7], 0.0
cn1_ψ[13,6,8], 1.0
cn1_ψ[13,6,9], 1.0
cn1_ψ[13,6,18], 1.0
cn1_ψ[13,7,3], 0.0
cn1_ψ[13,7,6], 1.0
cn1_ψ[13,8,10], 0.0
cn1_ψ[13,8,11], 1.0
cn1_ψ[13,8,14], 1.0
cn1_ψ[13,8,19], 1.0
cn1_ψ[13,9,8], 1.0
cn1_ψ[13,9,12], 0.0
cn1_ψ[13,10,9], 1.0
cn1_ψ[13,10,12], 0.0
cn1_ψ[13,10,13], 0.0
cn1_ψ[13,10,14], 1.0
cn1_ψ[13,10,15], 1.0
cn1_ψ[13,11,4], 1.0
cn1_ψ[13,11,5], 1.0
cn1_ψ[13,11,16], 1.0
cn1_ψ[13,12,17], 1.0
cn1_ψ[13,12,18], 1.0
cn1_ψ[13,13,20], 1.0
cn1_ψ[13,14,15], 1.0
cn1_ψ[13,14,19], 1.0
cn1_ψ[13,14,20], 1.0
cn1_ψ[14,1,10], 0.0
cn1_ψ[14,1,16], 1.0
cn1_ψ[14,2,1], 1.0
cn1_ψ[14,2,7], 0.0
cn1_ψ[14,2,13], 0.0
cn1_ψ[14,2,17], 1.0
cn1_ψ[14,3,1], 1.0
cn1_ψ[14,3,2], 1.0
cn1_ψ[14,3,3], 0.0
cn1_ψ[14,3,4], 1.0
cn1_ψ[14,4,2], 1.0
cn1_ψ[14,4,5], 1.0
cn1_ψ[14,5,6], 1.0
cn1_ψ[14,5,11], 1.0
cn1_ψ[14,6,7], 0.0
cn1_ψ[14,6,8], 1.0
cn1_ψ[14,6,9], 1.0
cn1_ψ[14,6,18], 1.0
cn1_ψ[14,7,3], 0.0
cn1_ψ[14,7,6], 1.0
cn1_ψ[14,8,10], 0.0
cn1_ψ[14,8,11], 1.0
cn1_ψ[14,8,14], 0.0
cn1_ψ[14,8,19], 1.0
cn1_ψ[14,9,8], 1.0
cn1_ψ[14,9,12], 0.0
cn1_ψ[14,10,9], 1.0
cn1_ψ[14,10,12], 0.0
cn1_ψ[14,10,13], 0.0
cn1_ψ[14,10,14], 0.0
cn1_ψ[14,10,15], 1.0
cn1_ψ[14,11,4], 1.0
cn1_ψ[14,11,5], 1.0
cn1_ψ[14,11,16], 1.0
cn1_ψ[14,12,17], 1.0
cn1_ψ[14,12,18], 1.0
cn1_ψ[14,13,20], 1.0
cn1_ψ[14,14,15], 1.0
cn1_ψ[14,14,19], 1.0
cn1_ψ[14,14,20], 1.0
cn1_ψ[15,1,10], 0.0
cn1_ψ[15,1,16], 1.0
cn1_ψ[15,2,1], 1.0
cn1_ψ[15,2,7], 0.0
cn1_ψ[15,2,13], 0.0
cn1_ψ[15,2,17], 1.0
cn1_ψ[15,3,1], 1.0
cn1_ψ[15,3,2], 1.0
cn1_ψ[15,3,3], 0.0
cn1_ψ[15,3,4], 1.0
cn1_ψ[15,4,2], 1.0
cn1_ψ[15,4,5], 1.0
cn1_ψ[15,5,6], 1.0
cn1_ψ[15,5,11], 1.0
cn1_ψ[15,6,7], 0.0
cn1_ψ[15,6,8], 1.0
cn1_ψ[15,6,9], 1.0
cn1_ψ[15,6,18], 1.0
cn1_ψ[15,7,3], 0.0
cn1_ψ[15,7,6], 1.0
cn1_ψ[15,8,10], 0.0
cn1_ψ[15,8,11], 1.0
cn1_ψ[15,8,14], 1.0
cn1_ψ[15,8,19], 1.0
cn1_ψ[15,9,8], 1.0
cn1_ψ[15,9,12], 0.0
cn1_ψ[15,10,9], 1.0
cn1_ψ[15,10,12], 0.0
cn1_ψ[15,10,13], 0.0
cn1_ψ[15,10,14], 1.0
cn1_ψ[15,10,15], 0.0
cn1_ψ[15,11,4], 1.0
cn1_ψ[15,11,5], 1.0
cn1_ψ[15,11,16], 1.0
cn1_ψ[15,12,17], 1.0
cn1_ψ[15,12,18], 1.0
cn1_ψ[15,13,20], 1.0
cn1_ψ[15,14,15], 0.0
cn1_ψ[15,14,19], 1.0
cn1_ψ[15,14,20], 1.0
cn1_ψ[16,1,10], 0.0
cn1_ψ[16,1,16], 0.0
cn1_ψ[16,2,1], 1.0
cn1_ψ[16,2,7], 0.0
cn1_ψ[16,2,13], 0.0
cn1_ψ[16,2,17], 1.0
cn1_ψ[16,3,1], 1.0
cn1_ψ[16,3,2], 1.0
cn1_ψ[16,3,3], 0.0
cn1_ψ[16,3,4], 1.0
cn1_ψ[16,4,2], 1.0
cn1_ψ[16,4,5], 1.0
cn1_ψ[16,5,6], 1.0
cn1_ψ[16,5,11], 1.0
cn1_ψ[16,6,7], 0.0
cn1_ψ[16,6,8], 1.0
cn1_ψ[16,6,9], 1.0
cn1_ψ[16,6,18], 1.0
cn1_ψ[16,7,3], 0.0
cn1_ψ[16,7,6], 1.0
cn1_ψ[16,8,10], 0.0
cn1_ψ[16,8,11], 1.0
cn1_ψ[16,8,14], 1.0
cn1_ψ[16,8,19], 1.0
cn1_ψ[16,9,8], 1.0
cn1_ψ[16,9,12], 0.0
cn1_ψ[16,10,9], 1.0
cn1_ψ[16,10,12], 0.0
cn1_ψ[16,10,13], 0.0
cn1_ψ[16,10,14], 1.0
cn1_ψ[16,10,15], 1.0
cn1_ψ[16,11,4], 1.0
cn1_ψ[16,11,5], 1.0
cn1_ψ[16,11,16], 0.0
cn1_ψ[16,12,17], 1.0
cn1_ψ[16,12,18], 1.0
cn1_ψ[16,13,20], 1.0
cn1_ψ[16,14,15], 1.0
cn1_ψ[16,14,19], 1.0
cn1_ψ[16,14,20], 1.0
cn1_ψ[17,1,10], 0.0
cn1_ψ[17,1,16], 0.0
cn1_ψ[17,2,1], 0.0
cn1_ψ[17,2,7], 0.0
cn1_ψ[17,2,13], 0.0
cn1_ψ[17,2,17], 0.0
cn1_ψ[17,3,1], 0.0
cn1_ψ[17,3,2], 0.0
cn1_ψ[17,3,3], 0.0
cn1_ψ[17,3,4], 0.0
cn1_ψ[17,4,2], 0.0
cn1_ψ[17,4,5], 0.0
cn1_ψ[17,5,6], 1.0
cn1_ψ[17,5,11], 1.0
cn1_ψ[17,6,7], 0.0
cn1_ψ[17,6,8], 1.0
cn1_ψ[17,6,9], 1.0
cn1_ψ[17,6,18], 1.0
cn1_ψ[17,7,3], 0.0
cn1_ψ[17,7,6], 1.0
cn1_ψ[17,8,10], 0.0
cn1_ψ[17,8,11], 1.0
cn1_ψ[17,8,14], 1.0
cn1_ψ[17,8,19], 1.0
cn1_ψ[17,9,8], 1.0
cn1_ψ[17,9,12], 0.0
cn1_ψ[17,10,9], 1.0
cn1_ψ[17,10,12], 0.0
cn1_ψ[17,10,13], 0.0
cn1_ψ[17,10,14], 1.0
cn1_ψ[17,10,15], 1.0
cn1_ψ[17,11,4], 0.0
cn1_ψ[17,11,5], 0.0
cn1_ψ[17,11,16], 0.0
cn1_ψ[17,12,17], 0.0
cn1_ψ[17,12,18], 1.0
cn1_ψ[17,13,20], 1.0
cn1_ψ[17,14,15], 1.0
cn1_ψ[17,14,19], 1.0
cn1_ψ[17,14,20], 1.0
cn1_ψ[18,1,10], 0.0
cn1_ψ[18,1,16], 1.0
cn1_ψ[18,2,1], 1.0
cn1_ψ[18,2,7], 0.0
cn1_ψ[18,2,13], 0.0
cn1_ψ[18,2,17], 1.0
cn1_ψ[18,3,1], 1.0
cn1_ψ[18,3,2], 1.0
cn1_ψ[18,3,3], 0.0
cn1_ψ[18,3,4], 1.0
cn1_ψ[18,4,2], 1.0
cn1_ψ[18,4,5], 1.0
cn1_ψ[18,5,6], 0.0
cn1_ψ[18,5,11], 0.0
cn1_ψ[18,6,7], 0.0
cn1_ψ[18,6,8], 0.0
cn1_ψ[18,6,9], 0.0
cn1_ψ[18,6,18], 0.0
cn1_ψ[18,7,3], 0.0
cn1_ψ[18,7,6], 0.0
cn1_ψ[18,8,10], 0.0
cn1_ψ[18,8,11], 0.0
cn1_ψ[18,8,14], 0.0
cn1_ψ[18,8,19], 0.0
cn1_ψ[18,9,8], 0.0
cn1_ψ[18,9,12], 0.0
cn1_ψ[18,10,9], 0.0
cn1_ψ[18,10,12], 0.0
cn1_ψ[18,10,13], 0.0
cn1_ψ[18,10,14], 0.0
cn1_ψ[18,10,15], 0.0
cn1_ψ[18,11,4], 1.0
cn1_ψ[18,11,5], 1.0
cn1_ψ[18,11,16], 1.0
cn1_ψ[18,12,17], 1.0
cn1_ψ[18,12,18], 0.0
cn1_ψ[18,13,20], 0.0
cn1_ψ[18,14,15], 0.0
cn1_ψ[18,14,19], 0.0
cn1_ψ[18,14,20], 0.0
cn1_ψ[19,1,10], 0.0
cn1_ψ[19,1,16], 1.0
cn1_ψ[19,2,1], 1.0
cn1_ψ[19,2,7], 0.0
cn1_ψ[19,2,13], 0.0
cn1_ψ[19,2,17], 1.0
cn1_ψ[19,3,1], 1.0
cn1_ψ[19,3,2], 1.0
cn1_ψ[19,3,3], 0.0
cn1_ψ[19,3,4], 1.0
cn1_ψ[19,4,2], 1.0
cn1_ψ[19,4,5], 1.0
cn1_ψ[19,5,6], 1.0
cn1_ψ[19,5,11], 1.0
cn1_ψ[19,6,7], 0.0
cn1_ψ[19,6,8], 1.0
cn1_ψ[19,6,9], 1.0
cn1_ψ[19,6,18], 1.0
cn1_ψ[19,7,3], 0.0
cn1_ψ[19,7,6], 1.0
cn1_ψ[19,8,10], 0.0
cn1_ψ[19,8,11], 1.0
cn1_ψ[19,8,14], 1.0
cn1_ψ[19,8,19], 0.0
cn1_ψ[19,9,8], 1.0
cn1_ψ[19,9,12], 0.0
cn1_ψ[19,10,9], 1.0
cn1_ψ[19,10,12], 0.0
cn1_ψ[19,10,13], 0.0
cn1_ψ[19,10,14], 1.0
cn1_ψ[19,10,15], 1.0
cn1_ψ[19,11,4], 1.0
cn1_ψ[19,11,5], 1.0
cn1_ψ[19,11,16], 1.0
cn1_ψ[19,12,17], 1.0
cn1_ψ[19,12,18], 1.0
cn1_ψ[19,13,20], 1.0
cn1_ψ[19,14,15], 1.0
cn1_ψ[19,14,19], 0.0
cn1_ψ[19,14,20], 1.0
cn1_ψ[20,1,10], 0.0
cn1_ψ[20,1,16], 1.0
cn1_ψ[20,2,1], 1.0
cn1_ψ[20,2,7], 0.0
cn1_ψ[20,2,13], 0.0
cn1_ψ[20,2,17], 1.0
cn1_ψ[20,3,1], 1.0
cn1_ψ[20,3,2], 1.0
cn1_ψ[20,3,3], 0.0
cn1_ψ[20,3,4], 1.0
cn1_ψ[20,4,2], 1.0
cn1_ψ[20,4,5], 1.0
cn1_ψ[20,5,6], 1.0
cn1_ψ[20,5,11], 1.0
cn1_ψ[20,6,7], 0.0
cn1_ψ[20,6,8], 1.0
cn1_ψ[20,6,9], 1.0
cn1_ψ[20,6,18], 1.0
cn1_ψ[20,7,3], 0.0
cn1_ψ[20,7,6], 1.0
cn1_ψ[20,8,10], 0.0
cn1_ψ[20,8,11], 1.0
cn1_ψ[20,8,14], 1.0
cn1_ψ[20,8,19], 1.0
cn1_ψ[20,9,8], 1.0
cn1_ψ[20,9,12], 0.0
cn1_ψ[20,10,9], 1.0
cn1_ψ[20,10,12], 0.0
cn1_ψ[20,10,13], 0.0
cn1_ψ[20,10,14], 1.0
cn1_ψ[20,10,15], 1.0
cn1_ψ[20,11,4], 1.0
cn1_ψ[20,11,5], 1.0
cn1_ψ[20,11,16], 1.0
cn1_ψ[20,12,17], 1.0
cn1_ψ[20,12,18], 1.0
cn1_ψ[20,13,20], 0.0
cn1_ψ[20,14,15], 1.0
cn1_ψ[20,14,19], 1.0
cn1_ψ[20,14,20], 0.0
lostload[1], 1.069000000000004
lostload[2], 0.0
lostload[3], 0.0
lostload[4], 0.0
lostload[5], 0.0
lostload[6], 0.0
lostload[7], 0.0
lostload[8], 0.8822500000000073
lostload[9], 0.683750000000005
lostload[10], 0.0
lostload[11], 0.03025000000000698
lostload[12], 0.0
lostload[13], 0.0
lostload[14], 0.0
lostload[15], 0.0
lostload[16], 0.9402500000000062
lostload[17], 1.0852500000000034
lostload[18], 1.5660000000000043
lostload[19], 0.0
lostload[20], 0.0
scaledgen[1,1], 0.0
scaledgen[2,1], 0.0
scaledgen[3,1], 0.0
scaledgen[4,1], 0.0
scaledgen[5,1], 0.0
scaledgen[6,1], 0.0
scaledgen[7,1], 0.0
scaledgen[8,1], 0.0
scaledgen[9,1], 0.0
scaledgen[10,1], 0.0
scaledgen[11,1], 0.0
scaledgen[12,1], 0.0
scaledgen[13,1], 0.0
scaledgen[14,1], 0.0
scaledgen[15,1], 0.0
scaledgen[16,1], 0.0
scaledgen[17,1], 0.0
scaledgen[18,1], 0.0
scaledgen[19,1], 0.0
scaledgen[20,1], 0.0
scaledgen[1,2], 0.0
scaledgen[2,2], 0.0
scaledgen[3,2], 0.0
scaledgen[4,2], 0.0
scaledgen[5,2], 0.0
scaledgen[6,2], 0.0
scaledgen[7,2], 0.0
scaledgen[8,2], 0.0
scaledgen[9,2], 0.0
scaledgen[10,2], 0.0
scaledgen[11,2], 0.0
scaledgen[12,2], 0.0
scaledgen[13,2], 0.0
scaledgen[14,2], 0.0
scaledgen[15,2], 0.0
scaledgen[16,2], 0.0
scaledgen[17,2], 0.0
scaledgen[18,2], 0.0
scaledgen[19,2], 0.0
scaledgen[20,2], 0.0
scaledgen[1,3], 0.0
scaledgen[2,3], 0.0
scaledgen[3,3], 0.0
scaledgen[4,3], 0.0
scaledgen[5,3], 0.0
scaledgen[6,3], 0.0
scaledgen[7,3], 0.0
scaledgen[8,3], 0.0
scaledgen[9,3], 0.0
scaledgen[10,3], 0.0
scaledgen[11,3], 0.0
scaledgen[12,3], 0.0
scaledgen[13,3], 0.0
scaledgen[14,3], 0.0
scaledgen[15,3], 0.0
scaledgen[16,3], 0.0
scaledgen[17,3], 0.0
scaledgen[18,3], 0.0
scaledgen[19,3], 0.0
scaledgen[20,3], 0.0
scaledgen[1,4], 0.0
scaledgen[2,4], 0.0
scaledgen[3,4], 0.0
scaledgen[4,4], 0.0
scaledgen[5,4], 0.0
scaledgen[6,4], 0.0
scaledgen[7,4], 0.0
scaledgen[8,4], 0.0
scaledgen[9,4], 0.0
scaledgen[10,4], 0.0
scaledgen[11,4], 0.0
scaledgen[12,4], 0.0
scaledgen[13,4], 0.0
scaledgen[14,4], 0.0
scaledgen[15,4], 0.0
scaledgen[16,4], 0.0
scaledgen[17,4], 0.0
scaledgen[18,4], 0.0
scaledgen[19,4], 0.0
scaledgen[20,4], 0.0
scaledgen[1,5], 0.0
scaledgen[2,5], 0.0
scaledgen[3,5], 0.0
scaledgen[4,5], 0.0
scaledgen[5,5], 0.0
scaledgen[6,5], 0.0
scaledgen[7,5], 0.0
scaledgen[8,5], 0.0
scaledgen[9,5], 0.0
scaledgen[10,5], 0.0
scaledgen[11,5], 0.0
scaledgen[12,5], 0.0
scaledgen[13,5], 0.0
scaledgen[14,5], 0.0
scaledgen[15,5], 0.0
scaledgen[16,5], 0.0
scaledgen[17,5], 0.0
scaledgen[18,5], 0.0
scaledgen[19,5], 0.0
scaledgen[20,5], 0.0
scaledgen[1,6], 0.14487173503064554
scaledgen[2,6], 0.24274999999999924
scaledgen[3,6], 0.2427499999999993
scaledgen[4,6], 0.2427499999999993
scaledgen[5,6], 0.24274999999999933
scaledgen[6,6], 0.24503747858366573
scaledgen[7,6], 0.2427499999999993
scaledgen[8,6], 0.1619706742102775
scaledgen[9,6], 0.18184299447934468
scaledgen[10,6], 0.2427499999999993
scaledgen[11,6], 0.2422416714258513
scaledgen[12,6], 0.2427499999999993
scaledgen[13,6], 0.24274999999999933
scaledgen[14,6], 0.24274999999999933
scaledgen[15,6], 0.24274999999999933
scaledgen[16,6], 0.15666016030174382
scaledgen[17,6], 0.14338387553040985
scaledgen[18,6], 0.11051680650235929
scaledgen[19,6], 0.2427499999999993
scaledgen[20,6], 0.2427499999999993
scaledgen[1,7], 0.01477065063649216
scaledgen[2,7], 0.024749999999999887
scaledgen[3,7], 0.02474999999999989
scaledgen[4,7], 0.02474999999999989
scaledgen[5,7], 0.024749999999999897
scaledgen[6,7], 0.02498322387207299
scaledgen[7,7], 0.02474999999999989
scaledgen[8,7], 0.01651400282885422
scaledgen[9,7], 0.01854011993146766
scaledgen[10,7], 0.02474999999999989
scaledgen[11,7], 0.024698172472872548
scaledgen[12,7], 0.02474999999999989
scaledgen[13,7], 0.024749999999999897
scaledgen[14,7], 0.024749999999999897
scaledgen[15,7], 0.024749999999999897
scaledgen[16,7], 0.015972560113154084
scaledgen[17,7], 0.014618953323903764
scaledgen[18,7], 0.011267933927634968
scaledgen[19,7], 0.02474999999999989
scaledgen[20,7], 0.02474999999999989
scaledgen[1,8], 0.0
scaledgen[2,8], 0.0
scaledgen[3,8], 0.0
scaledgen[4,8], 0.0
scaledgen[5,8], 0.0
scaledgen[6,8], 0.0
scaledgen[7,8], 0.0
scaledgen[8,8], 0.0
scaledgen[9,8], 0.0
scaledgen[10,8], 0.0
scaledgen[11,8], 0.0
scaledgen[12,8], 0.0
scaledgen[13,8], 0.0
scaledgen[14,8], 0.0
scaledgen[15,8], 0.0
scaledgen[16,8], 0.0
scaledgen[17,8], 0.0
scaledgen[18,8], 0.0
scaledgen[19,8], 0.0
scaledgen[20,8], 0.0
scaledgen[1,9], 0.0
scaledgen[2,9], 0.0
scaledgen[3,9], 0.0
scaledgen[4,9], 0.0
scaledgen[5,9], 0.0
scaledgen[6,9], 0.0
scaledgen[7,9], 0.0
scaledgen[8,9], 0.0
scaledgen[9,9], 0.0
scaledgen[10,9], 0.0
scaledgen[11,9], 0.0
scaledgen[12,9], 0.0
scaledgen[13,9], 0.0
scaledgen[14,9], 0.0
scaledgen[15,9], 0.0
scaledgen[16,9], 0.0
scaledgen[17,9], 0.0
scaledgen[18,9], 0.0
scaledgen[19,9], 0.0
scaledgen[20,9], 0.0
scaledgen[1,10], 0.0
scaledgen[2,10], 0.0
scaledgen[3,10], 0.0
scaledgen[4,10], 0.0
scaledgen[5,10], 0.0
scaledgen[6,10], 0.0
scaledgen[7,10], 0.0
scaledgen[8,10], 0.0
scaledgen[9,10], 0.0
scaledgen[10,10], 0.0
scaledgen[11,10], 0.0
scaledgen[12,10], 0.0
scaledgen[13,10], 0.0
scaledgen[14,10], 0.0
scaledgen[15,10], 0.0
scaledgen[16,10], 0.0
scaledgen[17,10], 0.0
scaledgen[18,10], 0.0
scaledgen[19,10], 0.0
scaledgen[20,10], 0.0
scaledgen[1,11], 0.0
scaledgen[2,11], 0.0
scaledgen[3,11], 0.0
scaledgen[4,11], 0.0
scaledgen[5,11], 0.0
scaledgen[6,11], 0.0
scaledgen[7,11], 0.0
scaledgen[8,11], 0.0
scaledgen[9,11], 0.0
scaledgen[10,11], 0.0
scaledgen[11,11], 0.0
scaledgen[12,11], 0.0
scaledgen[13,11], 0.0
scaledgen[14,11], 0.0
scaledgen[15,11], 0.0
scaledgen[16,11], 0.0
scaledgen[17,11], 0.0
scaledgen[18,11], 0.0
scaledgen[19,11], 0.0
scaledgen[20,11], 0.0
scaledgen[1,12], 1.4226076143328583
scaledgen[2,12], 2.383749999999993
scaledgen[3,12], 2.3837499999999934
scaledgen[4,12], 2.3837499999999934
scaledgen[5,12], 2.383749999999994
scaledgen[6,12], 2.4062125214163266
scaledgen[7,12], 2.3837499999999934
scaledgen[8,12], 1.5905153229608613
scaledgen[9,12], 1.7856570055206507
scaledgen[10,12], 2.3837499999999934
scaledgen[11,12], 2.3787583285741425
scaledgen[12,12], 2.3837499999999934
scaledgen[13,12], 2.383749999999994
scaledgen[14,12], 2.383749999999994
scaledgen[15,12], 2.383749999999994
scaledgen[16,12], 1.5383672795850953
scaledgen[17,12], 1.407997171145683
scaledgen[18,12], 1.0852499999999958
scaledgen[19,12], 2.3837499999999934
scaledgen[20,12], 2.3837499999999934
scaledgen[1,13], 0.0
scaledgen[2,13], 0.0
scaledgen[3,13], 0.0
scaledgen[4,13], 0.0
scaledgen[5,13], 0.0
scaledgen[6,13], 0.0
scaledgen[7,13], 0.0
scaledgen[8,13], 0.0
scaledgen[9,13], 0.0
scaledgen[10,13], 0.0
scaledgen[11,13], 0.0
scaledgen[12,13], 0.0
scaledgen[13,13], 0.0
scaledgen[14,13], 0.0
scaledgen[15,13], 0.0
scaledgen[16,13], 0.0
scaledgen[17,13], 0.0
scaledgen[18,13], 0.0
scaledgen[19,13], 0.0
scaledgen[20,13], 0.0
scaledgen[1,14], 0.0
scaledgen[2,14], 0.0
scaledgen[3,14], 0.0
scaledgen[4,14], 0.0
scaledgen[5,14], 0.0
scaledgen[6,14], 0.0
scaledgen[7,14], 0.0
scaledgen[8,14], 0.0
scaledgen[9,14], 0.0
scaledgen[10,14], 0.0
scaledgen[11,14], 0.0
scaledgen[12,14], 0.0
scaledgen[13,14], 0.0
scaledgen[14,14], 0.0
scaledgen[15,14], 0.0
scaledgen[16,14], 0.0
scaledgen[17,14], 0.0
scaledgen[18,14], 0.0
scaledgen[19,14], 0.0
scaledgen[20,14], 0.0
σ[1], 0.5967939651107953
σ[2], 1.0
σ[3], 1.0
σ[4], 1.0
σ[5], 1.0
σ[6], 1.0094231867504253
σ[7], 1.0
σ[8], 0.6672324375294646
σ[9], 0.7490957548067753
σ[10], 1.0
σ[11], 0.9979059584999024
σ[12], 1.0
σ[13], 1.0
σ[14], 1.0
σ[15], 1.0
σ[16], 0.6453559641678428
σ[17], 0.5906647807637894
σ[18], 0.4552700576822216
σ[19], 1.0
σ[20], 1.0
